﻿Name,Cost,Score rating,Number rating,Comment user
Toshiba Smart TV 43V31MP,5.490.000₫,4.1,109,"['Mới giao hàng đc 1 tiếng..nhân vien gắn kệ treo lên 20f thì bị z..gọi thì bảo đợi ngày mai..sao lúc mua thì gọi cái ok ngay..đến khi lỗi thì hẹn mai trong khi đó mới giao mới 1h..để qua ngày để kiếm đường đổ lỗi cho khách hàng hay sao..làm ăn quá chán/n', 'Ok, mà chưa thấy kích hoạt bảo hành/n', 'Hình ảnh nét màu sắc giống sony , bắt wifi mạnh mặc dù cách xa 3 mét , chất lượng full HD nét hơn 4K 1 số loại khác/n', 'Sp tốt/n', 'Ok lắm/n', 'Giá rẻ, xài ổn/n', 'Ổn so với tầm giá/n', 'Tốt về giá và chất lượng/n', 'Dùng tốt. Giá cả ổn/n', 'cho em hỏi làm sao để cài đặt ứng dụng chplay cho tivi này ạ/n', 'Ok/n', 'Thấy OK kết nối nhanh màn hình đẹp/n', 'Màu đẹp, âm thanh sống động và kích thước vừa đủ với không gian căn phòng/n', 'Tốt/n', 'TV xài rất tốt/n', 'Mình đang sử dụng thấy rất OK Mình đã mua thêm 01 cái nữa/n', 'Tivi khá tôt/n', 'Tuyệt vời/n', 'rất tệ cho thái độ hỗ trợ dịch của nhân viên/n', 'Hình ảnh âm thanh tốt với tầm giá/n']"
AQUA Android TV AQT55D67UG,6.990.000₫,4.8,5,"['Mới sắm ngày 13/5/24 rất chi là ok.../n', 'Sản phẫm tốt nhân viên nhiệt tình giao nhanh . Nói chung là ok ./n', 'Chất lượng hiển thị tốt, âm thanh sống động nghe thích lắm, màn 55inch coi siêu đã./n', 'TV khá tốt/n', '/n']"
TCL Google TV QLED 65Q646,11.990.000₫,4.3,13,"['Ok/n', 'Rất tốt/n', 'Sản phẩm dùng tốt, âm thanh to rõ, hình ảnh đẹp. Tuy nhiên những phần khuyến mãi kèm theo ko sử dụng được, mình có gọi điện, nhắn tin nhưng nhân viên cũng ko giúp được gì, mình phải yêu cầu nhiều lần thì mới có nhân viên tới nhà họ nói chuyện kiểu như đi đòi nợ thuê, làm cha khách hàng, đổ thừa này nọ đủ thứ. Mình thường xuyên mùa hàng ở dmx, TGDD, bhx đây đâu phải lần đầu mua nhân viên rất rất là tệ. Sản phẩm thì tốt còn nhân viên phục vụ và bảo hành thì mọi người nên xem lại bỏ tiền ra mua hàng rồi kèm Theo cục tức khuyến mãi mang về/n', 'Dùng tốt/n', 'OK rất tốt/n', 'Remote hay bị đơ nhấn hk nhận lệnh. Vào FPT play xem phim thì hay hiện lên tìm kiếm bằng giọng nói thoát ra hk được. Hk bít tại remote hay tivi còn tìm kiếm bằng khâu lệnh ok google dường như hk sài đk/n', 'ok/n', 'S p hợp lý anh đẹp gi thành tốt dễ sử dụng/n', 'Vừa mua dmx giảm giá 2 triệu. Sp tốt nhưng hơi hụt hẫn tý./n', 'Tốt/n', '/n', '/n', '/n']"
Toshiba Google TV 65C350LP,13.990.000₫,4.9,70,"['Rất tốtttttttt/n', 'rất tốt, hình ảnh siêu nét chất lượng cao, mịn màng/n', 'Âm thanh cực kì to rõ thiết kế đẹp màu sắc hài hòa/n', 'Hình ảnh đẹp xem thể thao chất lượng hẳn ra/n', 'Màn hình to rõ loa siêu bự bật 1 tý phát nguyên cả căn phòng nghe/n', 'Giá cả phải chăng hàng Nhật Bản có khác dùng mượt mà chưa thấy trục trặc gì/n', 'Màn hình to đẹp rất đáng tiền/n', 'Đẹp/n', 'TV đẹp to cái chống chói mắt thấy quảng cáo khá tiện xem phim lâu đỡ mỏi mắt hơn hẳn thanks/n', 'Tư vấn viên nhiệt tình bác bảo vệ dắt xe vui vẻ/n', 'TV trình chiếu rất ok/n', 'Sắm vài cái để phòng khách thì còn gì bằng/n', 'Màn ảnh to nét/n', 'Dùng tốt như mong đợi ok/n', 'Dùng để làm màn hình chiếu thông báo khá tốt/n', 'Loa to màn hình rộng khá ổn/n', '11tr cho một siêu phẩm, đẹp, chất/n', 'Mua về cho nóc nhà xem phim, hihi/n', 'Dùng rất ok/n', 'Ui, kiếm mãi mới có cửa hàng bán dòng 65 của Toshiba, gì mà hiếm hàng vậy @@/n']"
Toshiba Smart TV OLED 65X9900LP,20.990.000₫,4.4,153,"['Tivi ok lằm./n', 'Mua dc 1 ngày đã bị bị đơ màn hình bật không lên/n', 'Tốt , hình ảnh đẹp rất ok./n', 'Oki la/n', 'Hàng ok ạ/n', 'Rất. Ok/n', 'Cam on toi rat hai long/n', 'Tốt/n', 'Rất ok/n', 'Sài 2 tuần thấy chất lượng ổn so với kỳ vọng/n', 'Không có gì để phàn nàn/n', 'Đang xài tốt. Độ bền thì phải trải qua thời gian mới biết được/n', 'Mới dùng thấy tốt/n', 'Cảm ơn/n', 'Tốt/n', 'Tôi đã sử dụng TV này được 1năm rồi vẫn thấy OK/n', 'Hình ảnh đẹp , âm thanh tốt , giá phải chăng/n', 'OK nhé/n', 'Ok/n', 'Ok/n']"
Toshiba Google TV 75C350LP,18.990.000₫,4.3,13,"['Thời gian phản hồi bảo hành của ĐMX quá lâu do hệ thống quá tải. Cũng muốn thông cảm nhg thật sự lần này rất tệ, chắc sẽ cân nhắc mua hãng khác lần sau/n', 'Ok/n', 'Hiện tại đang rất hài lòng về tivi này/n', 'Tivi mua 15/2 giờ bị lỗi tìm kiếm giọg nói ko ược để là remote ngắt kết nòi cho người lên kiểm tra dùm ở nhà chỉ có người già ko biết làm sao/n', 'Tv bị lỗi không dùng được giọng nói liên hệ bảo hành hẹn mà không thấy xuống nhỉ/n', 'Mới mua tivi hôm 28/4 ngày 29 mới giao lấp đặt xog ok .sáng hôm sau bị lỗi tất cả ứng dụng ko xem đc .đt lên kêu bh hẹn 2ng xuống cái kiểm trả nói hư phần mềm. Cái hẹn tiếp 2ng .tivi mới mua mà bh thấy chán/n', 'tốt/n', 'Pua tế mới mua 1thangda hứ.bao hành thì k chịu bao hanh/n', 'Tốt/n', 'sài ok/n', 'Củng tốt/n', 'Tívi rất đẹp/n', 'Tốt/n', 'Dùng tốt trong tầm giá/n', 'Xem qua đầu thu Mobitv 1080 mờ hơn khi xep qua tv 360 nhưng nét hơn nhiều sản phẩm tốt ok/n', 'Tivi này ket nối wifi trực tiếp hay không dây ạ/n', 'kênh TV THVL3 bị lắc và đứng hình chưa khắc phục được/n', '....jjj/n', 'Tivi hay bị mất tiếng quá ạ ko hiểu vì sao nữa tắt mở đi lại mới có tiếng/n', 'Rất tốt/n']"
Toshiba Google TV QLED 55M550LP,11.990.000₫,4.4,41,"['Tốt tư vấn tận tình./n', 'Tôi mới mua thấy rất tốt,/n', 'Rất hài lòng với sản phẩm./n', 'Nhân viên lắp đặt nhanh, ti vi xài tốt, hình nét, âm thanh rõ./n', 'Rất tốt/n', 'Ok/n', 'Tivi sài rất ok/n', 'Thuyết minh cứ đọc tên video rất phiền. Nhờ đmx chỉ giúp ./n', 'Sản phẩm chất lượng/n', 'Sản phẩm khách hành mua mới mà giao như hàng tồn kho hang lỗi đem tới 3 cái cái đổi cái nào cũng lỗi ngay lúc giao giờ bên DMX yêu cầu muốn đổi phải tốn phí . 11tr chứ 1 tr tôi đập cho rồi. Đi tới lui 10 lần k giải quyết dc rất phiền phức. Rất bực mình./n', 'Tốt lắm/n', 'Màu sắc tốtâm thanh sống động mình rất ưng ý khi sử dụng Tivi Sony 4K 43 inch KD/n', 'Tôi hài lòng/n', 'Nhân viên tư Vấn nhiệt tình vui vẻ./n', 'Trải nghiệm cực kì tệ với DMX.Thời điểm mua hàng CTKM ghi rõ được tặng kèm bộ 3 tk vip xem tivi tuy nhiên thực tế không có.Báo bộ phận CSKH thì lại đẩy trách nhiệm cho hãng Sony và từ Sony lại đẩy sang Vieon. Rất lòng vòng tốn thời gian.Tổng gần 20 ngày từ lúc mua chưa được kích hoạt tài khoản.NV CSKH có xu hướng đổ lỗi cho khách cực kì thất vọng./n', 'Xài tốt/n', 'Tivi màu đẹp sắc nét. Âm thanh nghe hay nhiều tiện ích trên tivi/n', 'Màu sắc đẹp sắc nétâm thanh rõtôi hài lòng với sản phẩm này/n', 'Ok/n', 'San pham rat tot/n']"
Toshiba Google TV 55C350LP,10.990.000₫,4.7,99,"['Hình ảnh đẹp. Âm thanh to. Thích hợp trong tầm giá. Còn độ bền thì thời gian sau mớ biết./n', 'Tivi ổn, trình duyệt web có vẻ hơi lag. Xem phim trên web tầm 1h có hiện tượng đơ luôn tivi. Kh tắt được phải rút chui cắm luôn mới tắt mở lại được. Mong được phản hồi ạ./n', 'Hàng chất lượng cao, giá tốt với tấm nền IPS cho chất lượng hình ảnh chân thật không quá nịnh mắt như màn QLed của Samsung. Còn độ bền chưa biết./n', 'Hiện tại khá ok vs tầm giá. Chờ xem độ bền/n', 'Chất lượng Sản phẩm dùng rất hài lòng cả hình ảnh, âm thanh/n', 'Anh chị nên cân nhắc mua sản phẩm của tosia này. Chính sách đổi trả đmx quá tốt nhưng hàng tosia giờ quá tệ. Đổi cái mới vẫn bị lỗi y chang vậy/n', 'Sản phẩm ok , rất đáng đồng tiền./n', 'Oki/n', 'Rất tốt/n', 'Âm thanh to, hình ảnh tốt. Chờ thêm thời gian để kiểm chứng độ bền/n', 'Thiết kế khá đẹp so với phiên bản tiền nhiệm ổn/n', 'Nhìn thực tế thấy đẹp với sang hơn trên mạng/n', 'Tivi kết nối nhanh. Màu đẹp . Âm thanh to rõ/n', 'Tạm/n', 'Tv sản xuất tại Thailal hình thức đẹp chất lượng hình tiếng chuẩn chỉnh. Nhân viên giao hàng nhanh thân thiện/n', 'Ok/n', 'Chính sách bảo hành quá kém đùng đẩy hãng vs chổ bán. Màng hình báo giá trên trời mua tv 9tr6 báo giá màng hình 11 triệu./n', 'Màu sắc đẹp mọi người lưu ý để chế độ hiển thị sang tự nhiên sẽ đẹp hơn để sống động với tiêu chuẩn nha/n', 'Đẹp mọi góc nhìn giá cả phải chăng tư vấn nhiệt tình/n', 'Mua về làm TV trình chiếu rất tiện/n']"
TCL Google TV 40S5400,5.390.000₫,4.1,49,"['Mình Thích cách bảo hành của DMX rất chu đáo. Chuyên nghiệp, sẽ tiếp tục ủng hộ/n', 'Oki hàng tốt/n', 'Sài ok/n', 'Mua hàng trưng bày bị mất khiển bù vào điền khiển đời cũ dùng khá ức chế. Tivi rút điện nguồn ra là auto mất tài khoản google. Muốn dùng thì lại phải đăng nhập lại rất ức chế. Không biết tivi bị lỗi gì nữa/n', 'Sản phẩm ok/n', 'Sài ok/n', 'Sài ổn định/n', 'Ti vi mới mua dc 1 ngày thì dã k kết nối giọng dc, gọi bh thì cho ng lên ng xuống rồi cũng k dc/n', 'Với giá này thì không thể mong đợi nhiều hơn, cơ bản ổn. Loa nghe không hay, màu sắc không tươi, so với Samsung/n', 'Mua onl đmx sẽ không được hỗ trợ lien khi sản pham bị lỗi, mình được kĩ thuật tư vấn nên mua trực tiếp tại cửa hàng sẽ được hỗ trợ nhanh khi sp bị lỗi/n', 'Rất ưng ý luôn/n', 'Ok/n', 'Sản phẩm rất tốt/n', 'Rất tốt/n', 'Ok/n', 'Tốt/n', 'Tivi gia re hợp với người lao động sử dụng rất tốt,,/n', 'Ổn họp tui tiền/n', 'Mua hang bi lôi đôi tơi đôi lui mât thơi gian/n', 'Tivi sử dụng rất tốt/n']"
Toshiba Smart TV OLED 55X9900LP,16.990.000₫,4.5,245,"['Rất tốt/n', 'Tivi dễ dùng, ánh sáng và màu sắc tốt/n', 'Tivi mượt dễ sử dụng hình ảnh nét .. hk có đường đen khi lấy tay miết lên màn hình/n', 'Ti vi đẹp tốt/n', 'Hiện tại nhà mình dùng gần một năm rồi hình ảnh âm thanh rất tốt/n', 'Dùng tốt trong phân khúc/n', 'Chất lượng hình ảnh và âm thanh tốt./n', 'Bắt wife quá tệ mất điện hoặc rút ra là phải cài lại wfi cài ko đc toàn bị lỗi đang muốn đem trả đây/n', 'Hiện tại dùng 23 tuần cảm thấy tốt, chưa có vấn đề gì. Sau này mới đánh giá tiếp theo được/n', 'Rất tốt/n', 'Mới mua máy oi dmx lg 55in ngày 22/4 giá 12990 hôm nay dmx bán co11990 mới đây lỗ 1tr/n', 'Màu sắc, âm thanh và hình ảnh đẹp nhé. Giá quá OK/n', 'Đôi khi vẫn còn lag/n', 'Tốt/n', 'Ok/n', 'Rất tốt âm thanh sống động/n', 'Tốt/n', 'Tôi rất hài lòng về sản phẩm/n', 'LG này xài rất ok/n', 'Phục vụ rất tốt./n']"
TCL Google TV 55P635,7.990.000₫,4.3,153,"['Tivi mua được tuần nay, bị lỗi mà 2 ông ĐMX và nv TCL cứ đổ qua lại do quá tải. Bjo để trưng bày/n', 'Tốt trong tầm giá/n', 'Tivi tốt/n', 'Quá ok/n', 'Dùng ổn, chất lượng cũng tạm được có điều khiện sẽ ủng hộ nữa/n', 'Tốt so với tầm giá/n', 'Ổn trong tầm giá./n', 'Ok/n', 'Đẹp nhưng không được nhạy như các hãng khác/n', 'Sản phẩm dùng tốt/n', 'Hiện tại dùng rất ổn . Nhân viên nhiệt tình. Sẽ phản hồi thêm sau thời gian sử dụng/n', 'Sản phẩm tốt/n', 'Tốt. Hài lòng/n', 'Tốt/n', 'Dùng OK với giá tiền./n', 'Tốt nhất trong tầm giá đã dùng./n', 'Không hài lòng/n', 'Tốt hơn với tưởng tượng.giá tốt chật lượng tốt/n', 'Ok/n', 'Cũng ổn/n']"
LG Smart TV 55UQ8000PSC,12.490.000₫,4.4,270,"['Tv lỗi mà dmx ko có trách nhiệm lần sau không bao giờ mua ở đó nữa báo bảo hành từ mùng 5 ma bây giờ chua giả quết song tiền thật mua của giả/n', 'Giá thành rẻ nhân viên điện mấy nhiệt tình/n', 'Sản phẩm tốt, hình ảnh đẹp/n', 'Hình sắc nét, màu đẹp,remove trông rất xịn xò, k biết độ bền bao lâu chứ trước mắt rất ok mn ạ. Nhân viên DMX thì hổ trợ rất nhiệt tình. Mình luôn tin tưởng và mua đồ ở DMX./n', 'Sản phẩm rất tốt/n', 'Sản phẩm hiện sử dụng tốt sau 3 ngày trải nghiệm Nhân viên ĐMX nhiệt tình/n', 'Tôi mua tặng , nên có hỏi người nhận, màn hình rất nét, chất lượng tốt, xin cảm ơn./n', 'Sản phẩm dùng tốt/n', 'Đẹp/n', 'Xài tốt/n', 'Cảm nhận tốt/n', 'Tốt chất lượng đẹp/n', 'Đắt nhưng xắt ra miếng, trước giờ vẫn ủng hộ Điện Máy Xanh/n', 'Sp tốt/n', 'Tầm giá đó dùng tốt/n', 'Tivi dùng tốt/n', 'Tôi mua đơn hàng từ ngày 04.01, mà đến nay chưa được chuyển đổi trả góp, trong khi bên ngân hàng đã có sao kê trong kì thanh toán tháng 1. Tôi gọi cho NH thì họ bảo là bên ĐMX phải thực hiện tủ tục này. Tôi liên hệ ĐMX thì nhân viên bảo kiểm tra và phản hồi tôi 9 ngày ko bgom t7 cn lễ tính từ ngày tôi gọi ĐMX complain. Tôi rất bức xúc, ĐMX trả lời như vậy ko thấy vô lý ư. Tại sao tính từ ngày tôi complain mà ko phải là ngày mua hàng. Thủ tục chuyển đổi trả góp là trách nhiệm của ĐMX chứ ko phải của KH mà chờ KH gọi mới bắt đầu thực hiện./n', 'Tại sao TV mua mới được 1 tháng 2 ngày đồ mốt bị không nhận dạng dọng nói được . điện lên bảo hành lại bảo sđt không có trong bảo hành á .trong khi đó mua là lấy số đó/n', 'mạng yếu ko cài đặt mấy gói khuyến mãi chuyền hình cho người ta luôn kiên giang/n', 'Remot mới mua về thì sử dụng giọng nói được nhưng 2 bữa nay thi không được nữa và tivi kh thể kết nối trình chiếu vs ĐT được nữa mong ĐMX phản hồi sớm ạ/n']"
Sony Google TV KD-55X77L,14.590.000₫,4.4,25,"['tv này nếu mình muốn nghe nhạc qua loa nhưng k mở tv được k ạ hỗ trợ giúp mình/n', 'Rất tốt/n', 'Rất tốt chưa thấy có một vấn đề gì/n', 'Tóm tắt ok/n', 'Sản phẩm có hình ảnh sắc nét , âm thanh tốt sống động, nhân viên nhiệt tình và thân thiện. Mình sẽ luôn ủng hộ điện máy xanh ./n', 'âm thanh to. rõ hình ảnh nét/n', 'Tivi dùng rất tốt/n', 'Màu tươi âm thanh ấm ổn áp lắm/n', 'Lần đầu tiên mua tivi Sony rất tuyệt vời chất hình ảnh rất sắc nét âm thanh với công nghệ âm thanh vòm xem phim rất hay so với hãng khác chênh vài triệu tùy vào model nhưng đổi lại là chất lượng tuyệt vời./n', 'ok/n', 'Sản phẩm tốt/n', 'sản phẩm chất lượng tốt riêng về khoản khuyến mãi thì để cho có rườm rà và không thực hiện được. thất vọng/n', 'Rất tốt/n', 'Ok/n', '/n', '/n', '/n', '/n', '/n', '/n']"
LG Smart TV 55UQ7550PSF,11.590.000₫,4.3,108,"['Ok/n', 'Tôi vừa nhận ti vi hôm qua. Nhưng sao màu tivi nó đậm lòe loè k được sắc nét . Bỏ ra số tiền cũng k nhỏ lắm mà k đc ưng ý lắm. Có đc đổi lại k/n', 'Rất tốt/n', 'Tốt/n', 'Tốt/n', 'Cảm thấy ok/n', 'OK/n', 'Tại sao mua ngoài tiệm 11tr8 mà trêb này giá lại khác ạ/n', 'Nhân viên tư vấn không rõ ràng . Tôi mua giá 11 triệu 8 . Trong khi giá ở đây chỉ có 10 triệu 2 . Mới mua ngày 11 tháng 12 năm 2023 ./n', 'Sản phẩm dùng rất tốt, chuột rấ nhạy/n', 'Loa to hình ảnh sắc nét ./n', 'Khoảng cách giữa Panl giữ màn và màn hình quá rộng. Màn lỏng lẻo. Thua xa so với các hãng khác cùng giá tiền.muốn đổi sang hãng khác./n', 'Vừa ý/n', 'Sp chất lượng/n', 'Dịch vụ rất tốt, giao hàng nhanh/n', 'quá tốt/n', 'Tivi LG mẫu mã đẹp.xài bền lắm mọi người/n', 'Hài lòng nhân viên, sản phẩm ok, đẹp/n', 'Hình ảnh rõ nét, âm thanh ổn ,bạn tvv nhiệt tình.nói cũng là rất hài lòng/n', 'Tuyệt vời/n']"
Sony Google TV KD-55X80K,14.990.000₫,4.4,243,"['Cũng ổn, màn hình không được sáng cho lắm/n', 'TV Sony google TV kd55x80k rất tốt ạ dễ sử dụng/n', 'Mới mua đã lỗi ko kết nối bluetooth đc rồi . Gọi từ hôm thứ sáu , hẹn qua thứ bảy rồi thứ bảy hẹn qua tới thứ 2 trong khi cái tivi khác nữa giá tiền mà kết nối vô liền , này mới mua đã bị lỗi/n', 'Xem rất ok/n', 'Mua về dùng mượt, hình ảnh rõ nét, nhưng điều khiển bằng giọng nói rảnh tay không dùng được/n', 'Good/n', 'Mới dùng dk 10 ngày thấy dùng mượt mà trơn tru còn về sau thì pải dùng mới biết dk thêm/n', 'Tivi mình mới mua sao tính năng ok google khi được khi không, với tìm kiếm kênh tivi bằng giọng nói k được vậy ạ/n', 'Sao e mua có gói k+ mà về k thấy ạ/n', 'Tốt/n', 'Tivi sắc nét, âm thanh hay/n', 'Tại sao tivi không sử dụng được Netflix vậy ạ/n', 'Tốt/n', 'Tốt/n', 'Rất tốt/n', 'Good/n', 'Tốt/n', 'Ok nhân viên nhiệt tình./n', 'Ok/n', 'Đã mua dùng ổn. Nhưng giờ không biết ấn kiểu gì điều khiển giọng nói không được. Mong hỗ trợ kỹ thuật/n']"
Sony Google TV KD-43X75K,9.890.000₫,4.2,297,"['Tốt/n', 'Tại sao nhân viên không trao trả lại chân đế tivi cho chúng tôi, đề nghị trao trả lại chân đế tivi/n', 'Rất ok/n', 'Sản phẩm ok, lên hình đẹp, nhân viên nhiệt tình./n', 'ok/n', 'Hàng Sony thì khỏi chê/n', 'Ưng ý/n', 'Tốt/n', 'Sử dụng chưa dc 1 tháng thì ko còn nghe dc giọng nói, dc đổi tv mới thì chưa dc 2 tháng lại ko nghe dc giọng nói, đã vậy còn ko truyền dc youtube từ đt qua tv/n', 'Không nên mua mua 1 thời gian mất tiếng đt ên điện máy xanh điện máy xanh đẩy qua hãng còn hãng bảo hành như quần què ngta , 3 ngày chưa xuống giải quyết/n', 'Bị này là sao vậy Shop ơi/n', 'Sài cũng tạm được/n', 'Tivi dùng được 1năm thì bị sọc màn hình/n', 'pp/n', 'Chất lượng hình ảnh tạm ổn, chất lượng âm thanh lúc nhỏ, lúc lớn. Mặc dù không điều chỉnh.../n', 'Máy mình mua sử dụng được 22 ngày lỗi không lên hình chỉ có tiếng được 1 phút là die ngưng hoạt động và không thể thao tác gì thêm màn hình đen thui và không có bất kì tín hiệu nào quá thất vọng về dòng này. Máy chết 1.5 ngày trong lúc chờ nv đmx xuống ktra thì mình mới mở thử xem nó thế nào thì nó lại tái sinh nhưng phải chờ load rất chậm tivi khi khởi động lại cũng đen thui và phải load một lúc rồi mới truy cập được.Có thể nó sẽ tiếp tục điều bất cứ lúc nào.Trải nghiệm quá kinh khủng. Lỗi này không thể chấp nhận. Dòng này nếu có đổi mới chắc cũng không ổn không bền. DMX mình đgia cao chất lượng dịch vụ chăm sóc khách hàng. Về chất lượng sản phẩm trong nhưng năm gần đây thì nên xem lại./n', 'Ok/n', 'Mình mua sản phẩm dùng được 2 ngày thì thấy sản phẩm có một số lỗi nghiêm trọng như sau1. Bốn góc màn hình đều có khoảng hở tầm 35mm chứ không dính liền như các dòng khác. Hãng đã cho người xuống kiểm tra và xác nhận dòng này được thiết kế như vậy và không xử lý. Theo quan điểm người dùng thì điểm này khó chấp nhận được nếu vô tình rơi nước vào màn hình sẽ rất dễ lọt vào trong màn hình đẫn tới hỏng hóc các mạch điện tử bên trong. Nhà nào có con nhỏ hoặc để TV thấp không nên mua dòng này. Mình không chắc là các dòng khác có bị vấn đề này không.2. TV tắt đi mở lại thỉnh thoảng sẽ bị vấn đề không vào wifi được mà cần chờ một lúc mới vô được.3. Vô các app rất chậm đặc biệt khi chuyển sang chế độ người dùng khácCác bạn khi mua nên lưu ý điểm số 1 nhé. Khi mình đi xem TV để trên cao nên mình chỉ đánh giá được màu sắc và âm thanh ổn sơ sót phần kiểm tra phần màn hình vì mình tin tưởng hãng tuy nhiên kết quả đôi chút thất vọng.DMX hỗ trợ nhiệt tình khi có vấn đề./n', 'OK.cảm nhận riêng tôi./n', 'Tốt/n']"
AQUA Android TV AQT43D67FG,4.990.000₫,3.9,9,"['Hàng rẻ nên chip xử lý tốc độ quá cùi. Màn hình đẹp, màu sắc rực rỡ nhưng phải vào cài đặt tinh chỉnh thêm. Loa nghe ổn. Do biết trước chip cùi nên cũng đã sắm Android Box xịn cắm vào TV xài cho mượt. Ngoài tính năng xem màn hình TV thì các tính năng android sẵn trên tv xài dỡ do chậm, đôi khi văng app ra do lag giật/n', 'Sp phản ứng chậm khi chuyển kênh, tăng giảm âm lượng Remote không nhạy, bấm quay vòng vòng 1 phút sau mới nhận. Đúng là hàng VN chất lượng Hồ Cẩm Đào/n', 'Giá rẻ. Loa hay. Màu sắc tốt./n', 'Cơ bản ổn chưa thấy bị gì/n', 'Tivi mua bị lỗi, nhưng không được sửa hay đổi mới, luôn luôn yêu cầu khách hàng thông cảm và chờ đợi. Mới mua 1 ngày đã bị lỗi KHÔNG KẾT NỐI ĐƯỢC TRUYỀN HÌNH CAP NHƯNG NHÂN VIÊN KỸ THUẬT CỦA HÃNG AQUA VẪN NÓI ĐÂY KHÔNG PHẢI LÀ LỖI. KHUYEN CÁO MỌI NGƯỜI TUYỆT ĐỐI KHÔNG NÊN MUA VỚI GIÁ TIỀN TRÊN 5 TRIỆU NÊN MUA TIVI CỦA NHỮNG THƯƠNG HIỆU ĐƯỢC CÔNG NHÂN/n', 'sử dụng OK hợp túi tiền/n', '/n', '/n', '/n']"
Xiaomi Google TV A L32M8-P2SEA,3.990.000₫,4.4,51,"['Xài được 2 tuần, cảm nhận tốt trong tầm giá/n', 'hàng chất lượng với tầm giá phù hợp để ko gian nhỏ như phòng ngủ, nhà trọ. chế độ góp linh hoạt dễ dàng sở hữu/n', 'Tivi lỗi nguồn gọi 2 lần chưa được xử lý thoả đáng. Mua cho người lớn rất khó sử dụng/n', 'Màn hình đẹp chức năng ok có cái mới mở lên loa bị rè chỉ xài bluetooth/n', 'Dùng tốt,/n', 'Tạm ổn, khởi động chậm/n', 'Tivi sắc nét , âm thanh to rõ , mình luôn tin tưởng và mua các sản phẩm ở điện máy xanh/n', 'Xài ok/n', 'Tốt/n', 'Ok/n', 'Tốt ạ/n', 'Good/n', 'Tivi dùng tốt, hình ảnh nét, âm thanh trung thực/n', 'Tivi am thanh to, hình ảnh sắc nét/n', 'Rất tốt/n', 'Chức năng thì ok nhưng có điều bên bộ phận bảo hành, tôi mua tivi về đc 2 ngày thấy lỗi màn hình có điểm sáng, tôi đã liên hệ với bên ĐMX chờ 2 3 ngày có người xuống kiểm tra xong nói, này phải đợi hãng Xiaomi xuống xác nhận, hãng xuống kiểm tra xong rồi chưa cóa kết luận phải chờ đợi tiếp tới nay hơn 1 tuần rồi mà chưa giải quyết xong chi tôi, tôi mua ngày 16/03/2024, rồi trách nhiệm sẽ thuộc về ai Khi đùng đẩy kéo dài thời gian của khách hàng Rồi bên nào sẽ giải quyết đc cho tôi về cái tivi bị lỗi/n', 'Vùa mua 2 cái đợi giảm giá nhu cũ mua them 3 cái/n', 'Màu sắc đẹp. Có kết nói giọng nói. Và điều khiển trên đt cũng được. hợp túi tiền với những người lao động như mình/n', 'Mua chưa đc 1 tháng lỗi 2 lần, lần 1lỗi vọng nói, lần 2 điều khiển remote không đc phải rút nguồn rồi cấm lại. Mua chưa đc 1 tháng lỗi đổi không đc rồi nói phải đạt điều kiện này nọ. Mua đồ về để đc trải nghiệm bảo hành kaka hàng dỏm/n', 'Đẹp gọn nhẹ phù hợp không gian nhỏ/n']"
LG Smart TV 43UQ7550PSF,8.990.000₫,4.5,219,"['Hiện tại thì tốt, còn sau thì theo dõi thêm/n', 'Hiện tại thì ổn, còn bền thì phải sd mới đánh giá được tiếp/n', 'rat tot/n', 'Đã dùng lần thứ n. Hàng chất lượng. Nhân viên phục vụ tốt./n', 'TiVi của mk ko thể tải thoả thuận người dùng.giờ ko vào dc cái ji dù vẫn kết nối mạng bình thường.mong dc hổ trợ/n', 'Rất rất ok tôi hài lòng/n', 'Hiện tại thì tivi đang hoạt động rất tốt/n', 'Sản phẩm dùng rất tốt/n', 'ok/n', 'Sản phẩm tốt/n', 'Tốt/n', 'Ti vi hình ảnh rõ đẹp âm thanh nghe hay mn nên mua nhé/n', 'Mới dùng 3 tuần rất chi là ok/n', 'Tivi dùng tốt/n', 'Sai rất tốt và rất ưng ý/n', 'Cảm nhận ban đầu rất tuyệt vời nha, chờ xem độ bền theo thời gian thế nào./n', 'Giao hàng nhanh tư vấn nhiệt tình/n', 'Giờ em không muốn xem tv qua internet nữaEm mua đầu thu với ăng ten về thì có xem được tv không ạ/n', 'Ko có chân căm dây âm thanh kết nối với âm ly ạ/n', 'Giờ mới để ý, sản phẩm nhận được viền màn hình dày hơn rất nhiều với ảnh quảng cáo./n']"
Sony Google TV KD-32W830K,7.490.000₫,No rating available,92,[]
Sony Google TV KD-65X80K,17.890.000₫,4.4,142,"['Tôi rất ok về sản phẩm ti vi này/n', 'Màn hình tối 4 góc ...Dien May Xanh không hỗ trợ đổi....Hãng bảo tối là bình thường.Cam on DMX đã hỗ trợ xử lý đổi cho khach hang theo đề nghị trường hợp này/n', 'Tốt/n', 'Sản phẩm tốt. Hình ảnh ,âm thanh tốt. Vào mạng nhanh/n', 'Chất lượng hình ảnh tốt . Vào mạng nhanh/n', 'OK em/n', 'Cho hỏi chút dòng này dùng đk chuột với bàn phím máy tính ko nhỉ/n', 'SONY OK RỒI DÒNG MỚI ĐIỂU KHIỂN KO CÒN SỐ BẤT TIỆN QUÁ/n', 'Sản phẩm tốt đã sử dụng hơn 5 tháng tôi cảm thấy rất hài lòng/n', 'Hình ảnh đẹp, trung thực và rỏ nét/n', 'Tivi khá mượt, nhưng thỉnh thoảng bị lag/n', 'Điều khiển ( mót) cần tinh gọn hơn như dòng sámung/n', 'Youtube thường xuyên bị lỗi. 2 tháng gọi bảo hành 3 lần/n', 'Ok/n', 'Giao hàng và chăm sóc khách hàng tốt, sp mới nhận chưa biết chất lượng sao/n', 'Sản phẩm rất OK hi vọng chế độ bảo hành cũng OK thi khách hàng rất vui/n', 'Tuyệt zời/n', 'Nhân viên đến giao và lắp đặt TV tận tình, chu đáo!/n', 'Tôi thích sản phẩm này/n', 'Hình ảnh nét đẹp Âm thanh hay/n']"
Sony Google TV KD-50X77L,13.690.000₫,4.1,13,"['Cho hỏi sao cái đèn này nó luôn luôn sáng vậy/n', 'Màu đẹp âm thanh rô, nhưng khuyến mãi tích điểm tải app không được bên điện máy xanh hỗ trợ tích điểm dùm, để tôi ghé mua thêm điện thoại liền/n', 'Mới đặt mua và lắp ráp lúc trưa nay ngày 28/1/2024. Nhân viên thiếu chuyên nghiệp, thái độ khi lắp ráp tivi, đặc biệt thiếu tôn trọng người lớn tuổi, không nhiệt tình mà gấp gáp khi làm, khó chịu với người lớn tuổi Tôi đã gửi góp ý, khiếu nại trên app Quà tặng VIP, giờ thì bình luận thêm ở đây để thấy rằng là tôi khó chịu thế nào/n', 'Tốt/n', 'Mới dùng dc 3 ngày , hình ảnh âm thanh chất lượng tốt , đội ngũ nhân viên DMX tư vấn nhiệt tình/n', 'Tôi mới mua 1 cái hôm qua 26/9, thay thế máy LG đã hỏng màn hình mua 2019,Cảm nhận ban đầu Ổn. Đội ngũ tư vấn bên Điện Máy Xanh tương đối nhiệt tình, giao tiếp thân thiện./n', '/n', '/n', '/n', '/n', '/n', '/n', '/n']"
LG Smart TV 43UQ8000PSC,9.390.000₫,4.4,146,"['Ok/n', 'Hài lòng về sản phẩm ạ/n', 'Màn hình rõ chất lượng/n', 'Xài OK màn hình đẹp/n', 'Tốt/n', 'Sản phẩm tốt/n', 'Rất Tốt/n', 'Hàng chất lượng/n', 'Màn hình ti vi trong.rõ nét.mua được giá rẻ nên rất thích/n', 'Dung thay on/n', 'Tốt với giá tiền/n', 'Ok/n', 'Tv dùng ổn, màn hình, âm thanh ok, chưa thấy phát sinh lỗi gì/n', 'Tư vấn tận tình chu đáo/n', 'Ok nhé/n', 'Dễ sử dụng, hình ảnh đẹp, nét/n', 'Ok/n', 'Rất tốt/n', 'Sản phẩm tốt hình ảnh sống động/n', 'Dùng ok mới hơn 10 ngày chưa biết về sâu ra nữa nv nhiệt tình/n']"
Xiaomi Google TV A Pro L43M8-A2SEA,6.690.000₫,4.2,55,"['Cần hỗ trợ cách sử dụng jack 3.5 và loa cùng lúc mà k cần cài đặt thiết bị. Cảm ơn/n', 'Không đòi hỏi gì quá nhiều, đáp ứng đủ nhu cầu/n', 'Sau 1 thời gian sử dụng thỉnh thoảng phải khởi động lại do treo đơ, hôm nay thì tivi không dùng được tìm kiếm bằng giọng nói/n', 'Tivi tốt nhất trong phân khúc, xiaomi là đồ công nghệ nhất là phần đt, tv thì khỏi bàn. Cùng 1 tầm giá không hãng nào qua nổi/n', 'Khởi động chậm mãi mới lên màn hình/n', 'loại 4k này thì khỏi phải nói rồi các bác ạ.giá tầm này ổn,loa to, hình ảnh sắc nét./n', 'Rất tốt/n', 'hình ảnh đẹp , giao nhanh , lắp nhiệt tình ./n', 'Giao hàng nhanh, nv kĩ thuật lắp ráp kĩ , thân thiện,hướng dẫn sd trực tiếp từ nv kĩ thuật rất dễ hiểu để sử dụng/n', 'Thương hiệu mới nhưng dùng tốt , giá thành hợp lý/n', 'Ok/n', 'Bật tivi lên hơi chậm Vào ứng dụng thì tầm 2 3s mới vào được/n', 'tivi đẹp, dễ dùng, hình ảnh sắc nét, loa to, giá rẻ/n', 'Bị đốm nhỏ ở màn hình mong điện máy xanh đổi mới/n', 'Tivi có kết nối vs loa Bluetooth đc ko../n', 'Mới nhận hàng ngày hôm nay, thấy tivi tốt trong tầm giá, âm thanh lớn, màu sắc đẹp. Còn bền hay không thì chưa biết./n', 'Của mk bị sọc màn hình/n', 'Mở nguồn không lên , phải rút dây ra cắm lại thì mới lên , mà rút ra cắm lại thì khởi động rất lâu , tình trạng lặp đi lặp lại nhiều lần , đề nghị DMX liên hệ bảo hành/n', 'Mới mua dc 3 ngày thấy ok màu sắc đẹp. Giá tiền mềm mà ok zậy/n', 'Xuất âm thanh ra amply không thể tăng giảm theo ý muốn, ai mà hát karaoke từ youtube trên tivi ra amply thì loại ngay dòng tv này/n']"
LG Smart TV NanoCell 43NANO76SQA,10.890.000₫,4.4,104,"['Tivi dùng rất OK, có nhiều chức năng dễ sử dụng, giá tiền hợp lí/n', 'Ti vi chạy tốt/n', 'Màu sắc đẹp.hệ điều hành còn chậm .Sài ok ổn trong tầm giá/n', 'Ti vi đẹp, giá hợp lý, phục vụ nhiệt tình/n', 'Rất hài lòng/n', 'Hình ảnh đẹp, âm thanh hay/n', 'Tốt/n', 'Sp rất tốt/n', 'Sản phẩm ok/n', 'Âm thanh hay . Màn hình sắc nét . Màu đẹp/n', 'Tạm ổn/n', 'hình ảnh sắc nét, dễ sử dụng, nhiều tính năng còn độ bền thì phải sài 1 thời gian mới biết/n', 'Rất Tốt/n', 'Sản phẩm ổn nhưng mà lúc bị mất điện khi mở lên phải cài đặt lại thời gian ngày giờ mới sử dụng được các ứng dụng khác nên hơi mất thời gian/n', 'Mới mua 2 ngày giảm 500 vzi/n', 'ĐMX tự đổi giới tính khách hàng mà coi là VIP thì quan tâm gì vậy/n', 'Tốt/n', 'Rất tốt/n', 'Nv giao vs lắp rất nhiệt tình./n', 'Tivi hoi chap/n']"
Google Tivi Xiaomi A 4K 55 inch L55M8-P2SEA,8.990.000₫,4.8,21,"['Rất OK/n', 'Ok.. Trong tầm giá/n', 'Mới mua được nữa tháng cảm nhận rất tốt, màu đẹp, âm thanh ok , giá cả hợp lý/n', 'Em mới mua tivi này ở điện máy xanh tiền hải hôm 8/12 đến hôm nay tự nhiên tivi đang xem thì bị ngắt và không vào điện nữa cho em hỏi nguyên nhân do đâu ạ Và em muốn liên hệ bộ phận chăm sóc khách hàng ạ/n', 'Mới mua hôm qua thấy rất ổn so với giá.Thái độ nhân viên giao hàng thì rất tệ DVTanTam/n', 'Giọng nói rất nhạy mượt hơn nhìu tv nổi tiếng như samsung hay TCL mà tôi xài/n', 'Rất ưng ý,hi vọng bền vài năm./n', 'Chất lượng tốt/n', 'Mình mới mua hôm qua 8490k nay giảm còn 7990k. Xu 1 ngày mất 500k/n', 'Tốt, nên mua/n', 'Ok/n', 'Ok nha giá cả hợp lý độ bền chưa biết cần 1 thời gian/n', 'Phù hợp túi tiền/n', 'Chất lượng rất tốt/n', 'Rất ok em ạ/n', 'Tv dùng mượt và đẹp Hiện tại vẫn chưa có lỗi gì/n', '/n', '/n', '/n', '/n']"
Toshiba Smart TV 55E330MP,9.890.000₫,4.5,31,"['Tốt ạ/n', 'Sản phẩm tốt so với giá tiền/n', 'Làm thế nào để chiếu điện thoại lên tivi vậy/n', 'Tivi xem nét, nhiều ứng dụng nha mọi người. Nên đầu tư mua nhé/n', 'Mới mua đmx đc 1 tuần.vào shopee có hơn 7 củ là sao vậy.mình mua 10 củ/n', 'Mọi thứ điều tốt/n', 'Xem mô tả sản phẩm và thông số kĩ thuật quảng cáo về tivi Toshiba 55E330MP tôi tưởng là đúng như vậy nên tôi mua. Nhưng khi đem tivi về thì chân đế ko phải bằng kim loại ma được làm bằng nhựa. Khi để tivi lên bàn thì ko được chắc chắn, chỉ cần chạm nhẹ vào là tivi rung lắc, lung lay. Nhà sản xuất nghĩ sao mà tivi 55 inch, mà chân đế lại làm toàn bằng chất liệu nhựa thì làm sao gánh nổi trọng lượng tivi 11,3kg Mô tả sản phẩm và thông số kĩ thuật ko đúng với thực tế làm tôi bị hụt hẫng. Một điều nữa là tìm giọng nói bằng tiếng Việt lúc được lúc ko và thiếu chính xác. Mỗi lần chuyển từ kênh này sang kênh khác thì cứ hiện dòng chữ không có chương trình phải chờ ít nhất từ 5 đến 10 giây thì mới nhận ra kênh mới. Cảm thấy hơi bất ổn khi sử dụng tivi này./n', 'Đã sử dụng hình ảnh âm thanh tốt tuy nhiên hệ điều hành vidaa V6 bị hạn chế nhiều ứng dụng điển hình với gói TV360 của nhà mạng Viettel, nên ai đã sử dụng mạng internet Viettel thì căn nhắc lựa chọn./n', 'Cho em hỏi tivi này sử.dụng dk chuột không dây ko/n', 'Sài tốt/n', 'tốt/n', 'Ok/n', 'Tivi sài tốt,giá hợp lý./n', 'Tivi xem đất net hình ảnh đẹp/n', 'Hơi tiếcvừa mua tại cửa hàng điện máy xanh cầu kè trà vinh giá 9990000 ngàn. Lên mạng xem giá chỉ 8490000 trên app ĐMX vân còn 44/50 xuất/n', 'Ok ạ/n', '/n', '/n', '/n', '/n']"
Sony Google TV KD-55X75K,13.390.000₫,4.4,242,"['Hình ảnh đẹp, sắc nét. Giá tốt/n', 'Màu và tính năng ok độ bền thì phải chờ thời gian nữa mới biết. nhân viên nhiệt tình dễ thương lắm./n', 'Ok/n', 'Ok/n', 'Tốt/n', 'Hình ảnh nét, chức nămg giọng nói nhạy. Lắp đặt nhanh, nhân viên lắp đặt tận tình, hướng dẫn cẩn thận./n', 'Dịch vụ lắp đặt nhanh tốt chất lượng sản phẩm hình ảnh đẹp/n', 'Ok/n', 'Tivi bị lỗi này là sao ạ/n', 'Xem net, âm thanh tốt, truyền hình thì mờ nhưng chắc là tình trạng chung smartphone/n', 'tốt/n', 'Rất tốt/n', 'Rất tốt/n', 'Tuyệt vời mong hãng ra mắt nhiều hơn nữa/n', 'Chất lượng tốt phục vụ tận tình chu đáo/n', 'Cảm ơn giao hàng rất nhanh/n', 'Không xem đc netflix chỉ báo thiết bị k khả dụng/n', 'Tivi đẹpxem rõ nét phù hợp với giá tiềncòn 3 gói ứng dụng miễn phí đi kèm là tự nhiên k phải gói Vipchúng ta có thể cài được./n', 'Nhờ hổ trợ mà không trả lời trong khi đã mua 2 sản phẩm./n', 'Máy sony ok/n']"
Sony Google TV KD-65X77L,17.990.000₫,4.4,19,"['TV ổn nhưng gói VIP không được kích hoạt/n', 'Mới thời gian ngắn, nên chưa đánh giá được./n', 'Cảm nhận ban đầu ti vi to, hình ảnh chân thật, âm thanh nghe rất hay./n', 'Tivi rất OK . Đã được nhân viên bộ phận chăm sóc khách hàng hỗ trợ nhiệt tình/n', 'Tivi Sài rất tốt/n', 'Ok/n', 'Tuyệt/n', 'Ok/n', 'Tốt/n', 'Tốt/n', 'Cũng ổn/n', 'Tốt/n', 'Mua hàng mới mà làm ăn sống nhăng/n', '/n', '/n', '/n', '/n', '/n', '/n']"
LG Smart TV NanoCell 75NANO76SQA,22.890.000₫,4.5,184,"['Good/n', 'Màu rõ ,sắc nét/n', 'Mới dùng được thời gian ngắn nhưng thấy rất ổnMàu đẹp và sắc nét/n', 'Tivi xem rõ nét/n', 'Âm thanh to ấm hay, hình ảnh sắc nét đẹp, khung sườn kim loại rất tốt nên máy k bị nóng nhiều so với cùng loại thương hiệu khác. Hiện tại rấy ok, Hy vọng dùng bền./n', 'Tv lúc đầu xem ok nhưng 1 tuần nay tv có hiện tượng mở tv ra là màn hình nháy liên tục/n', 'Ti vi thì tốt nhưng cách bán hàng phải xem lại, đăng 1 ngày 1 giá vừa mua xong thì lại giảm giá là khách hàng mất niềm tin, có vài tiếng mà mất bao nhiêu tiền/n', 'dùng bình thường ok/n', 'Dùng được/n', 'Sản phẩm tốt, chất lượng/n', 'sản phẩm đẹp, màn hình sắc nét/n', 'chưa biết tốt hay không nếu tốt sẽ giới thiệu cho nhiều người/n', 'sản phẩm đẹp, màn hình sắc nét, âm thanh to ok/n', 'sản phẩm tốt/n', 'Chưa sử dụng nhiều nên chưa biết nhưng đến hiện tại có thể cho 5 sao, hình ảnh nét, âm thanh rõ/n', 'Tivi dùng tốt, chất lượng màu sắc và hình ảnh mức bình thường/n', 'chân hơi vướng, màn hình sắc nét ok/n', 'phục vụ tốt/n', 'Tivi dùng tốt,thích sp này màu sắc đẹp, nhưng hình ảnh chưa rõ nét bằng dòng oled/n', 'sản phẩm tốt/n']"
Sony Google TV KD-43X80K,12.390.000₫,4.5,147,"['Tv sài ổn. Nhưng cho mình hỏi làm sao để sử dụng gói vieon vip ạ Gọi nv không ai nghe máy/n', 'Tivi dòng Sony thì k có gì để nói nữa, good/n', 'Tốt/n', 'Không biết lâu dài thì sao,hiện tại sài rất ok./n', 'Âm thanh tốt/n', 'Rất tốt/n', 'Tốt/n', 'Nhân viên hỗ trợ nhiệt tình/n', 'Từ hôm sử dụng đến nay xem tốt ./n', 'Sản phẩm rất tốt/n', 'Chất lượng hình ảnh tốt/n', 'Rất tốt/n', 'Ok/n', 'Tốt/n', 'Sản phẩm tốt/n', 'Tốt/n', 'Ok/n', 'Màn hình sắt nét âm thanh rõ/n', 'Ti vi dùng rất thích/n', 'Tivi dùng tốt/n']"
LG Smart TV 65QNED80SRA,19.890.000₫,4.7,4,"['Oke/n', 'Tốt/n', 'Tạm thời thì chưa có điểm nào để trê,hình ảnh gõ nét màu sắc đẹp âm thanh theo chế độ lựa chọn phim nhạc...rất ok, bắt sóng wifi nhanh ..tốt/n', 'Tivi ổn. Coz tìm kiếm giọng nói hơi chậm hơn so với những thương hiệu tivi khác/n', 'Màng hình/n', 'Đẹp nhưng chức năng điều khiển hơi khó/n', 'sản phẩm tốt, màn hình sắc nét, đẹp/n', 'sp sử dụng tốt./n', 'tốt/n', 'sp sử dụng tốt, ok/n', 'Dùng tốt/n', 'sản phẩm tốt, màn hình sắc nét, đẹp/n', 'Tivi dùng tốt, màu sắc đẹp, hình ảnh khá đẹp/n', 'Được, chất lượng/n', 'sp sử dụng tốt./n', 'sản phẩm tốt, màn hình sắc nét, đẹp/n', 'Tivi dùng rất tốt, màu sắc đẹp, hình ảnh rõ nét/n', 'Tivi dùng tốt, hình ảnh rõ nét và màu sắc đẹp/n', 'sản phẩm tốt, màn hình sắc nét, đẹp/n', 'sản phẩm tốt, màn hình sắc nét, đẹp/n']"
LG Smart TV 50UQ7550PSF,10.390.000₫,4.3,122,"['hình ảnh đẹp sắc nét/n', 'Rất tốt/n', 'Good/n', 'Nhìn chéo màn hình bị lóa, khó coi/n', 'Ok/n', 'Ok/n', 'Chưa được 2 tháng sọc màn hình thôi lần sau pp/n', 'Ok/n', 'Rất hài lòng/n', 'Mới dùng/n', 'Ngoài YouTube ra thì vào ứng dụng nào cũng đơ, lag, không chạy, mong hỗ trợ tôi ạ/n', 'tivi bị lỗi ạ/n', 'tivi kết nối với internet nhưng không vào được. mong hỗ trợ ngay/n', 'Nói chung là tốt/n', 'Sản phẩm sử dụng rất tôt/n', 'Được lắm/n', 'rất ưng ý/n', 'Màu hình ảnh rất OK/n', '👌/n', 'Tốt./n']"
LG Smart TV 50UQ8000PSC,11.890.000₫,4.5,70,"['Chất lượng sản phẩm tốt/n', 'Chính sách bảo hành LG quá tốt.Gọi là có.Nhân viên nhiệt tình./n', 'Ok so với giá/n', 'Ti vi coi màu sắc đẹp , rõ nét, âm thanh tốt, nói chung là tuyệt./n', 'Rất tốt/n', 'Rất tốt nha shop/n', 'Đặt hàng online không trực tiếp ra của hàng xem hình ảnh thực tế, khi sử dụng nhìn trực diện thì OK nhưng nhìn 1 góc khoảng 45 độ thì chẳng thấy gì khó chịu thật sự khi nhìn xéo còn có những sọc dọc màn hình, mà không hiểu sao vẫn giao hàng cho mình, TV bình thường hãng còn công bố goc nhìn rộng 178 độ còn loại này xem ở mỗi chỗ mỗi màu sắc khác nhau, giờ muốn đổi sản phẩm khác. Mong được hỗ trợ/n', 'Nhìn gần thì 2 bên trái và phải của tv bị lóaTốt nhất là không nên mua tv này/n', 'Tốt/n', 'Rất oke/n', 'Rất tốt/n', 'Rất tốt nhé/n', 'Tivi sử dụng tốt, hình ảnh trước sng động, nhân viên giao hàng chu đáo, thân thiện,Hỗ trợ nhiệt tình/n', 'Tốt/n', 'sản phẩm hiện tại ổn/n', 'Ok/n', 'Hiện tại thì xem rất tốt,màu,chất lượng âm thành OK./n', 'Sản phẩm tốt/n', 'Tốt/n', 'Sản phẩm này tốt/n']"
LG Smart TV 55QNED80SRA,18.890.000₫,4.6,106,"['Ti vi Lệ mua sử dụng tốt, giá cả hợp lý phù hợp tài chính của gia đình. Xin cảm ơn LG và mong các sản phẩm của LG luôn có mặt tại gia đình Việt cũng như trên toàn thế giới. Trân trọng kính chào./n', 'Sp tốt , điều khiển dễ sử dụng/n', 'Hiện tại ok/n', 'Tivi rõ nét coi thấy ok../n', 'sp sử dụng tốt, màn hình đẹp./n', 'Ok/n', 'Chất lượng tốt, dùng ok/n', 'Tivi dùng tốt, âm thanh hay, hình ảnh sắc nét/n', 'sp sử dụng tốt./n', 'Tivi dùng tốt, hình ảnh sắc nét/n', 'Sản phẩm tốt, êm/n', 'Ok, xài ổn/n', 'Tivi màu sắc đẹp, nhưng hình ảnh chưa rõ nét lắm/n', 'Tốt/n', 'Sản phẩm tốt, chất lượng/n', 'Dùng cũng được, chưa thấy vấn đề gì/n', 'sp sử dụng tốt./n', 'Tivi dùng tốt, hình ảnh đẹp, âm thanh sống động/n', 'Tivi dùng ổn, hình ảnh bị bóng/n', 'Tivi dùng tốt,hình ảnh rõ nét, âm thanh hay/n']"
LG Smart TV OLED 55A3PSA,24.890.000₫,4.7,65,"['Tivi có hình ảnh trung thực, màu ko lòe loẹt, âm thanh hay, ko thua kém Tivi OLEX dòng C nhiều nhưng giá rẻ hơn nhiều ./n', 'Tivi âm thanh nghe hay, hình ảnh sắc nét, tất cả đều tốt/n', 'sản phẩm đẹp, màn hình sắc nét, màu sắc đẹp/n', 'Tivi khá đẹp, tốt, hình ảnh rõ nét/n', 'Sản phẩm tốt, chất lượng/n', 'Tốt/n', 'tốt/n', 'Tivi dùng tốt, màu sắc đẹp, hình ảnh rõ nét, bền/n', 'Rất hài lòng về tất cả chỉ có hơi không quen ở con chuột, ngoài ra thì âm thanh, hình ảnh đều rất ok/n', 'sản phẩm sử dụng tốt/n', 'Sản phẩm ổn nhưng có cảm giác máy này đời hơi cũ với ở kho lâu, có cảm giác 1 đường sọc nhỏ/n', 'Tivi dùng tốt, màu sắc đẹp, hình ảnh rõ nét/n', 'Mới dùng thấy đang xài tốt/n', 'sản phẩm ok/n', 'Sản phẩm chất lượng, nhân viên nhiệt tình/n', 'sử dụng ok/n', 'Tivi dùng tốt, hình ảnh rõ nét/n', 'sản phẩm bình thường, dùng ok/n', 'Cũng ổn/n', 'Âm thanh hay, hình ảnh đẹp, sắc nét, tốt/n']"
Sony Google TV KD-65X75K,16.890.000₫,4.4,113,"['Hình ảnh đẹp chất lượng tốt/n', 'Rất ok . Ngon bổ rẻ/n', 'Ok/n', 'Ok/n', 'Rất ok/n', 'Âm thanh chất lượng hình ảnh đều rất ok/n', 'Giao hàng không đúng như cam kết về thời gian./n', 'Tivi dùng ổn định/n', 'Sony Sẩn phẩm rất tốt/n', 'Rất hai lòng/n', 'Ok/n', 'Ok/n', 'Sản phẩm ok tin sony trước giờ/n', 'Sài cũng ok/n', 'Sản phẩm đẹp giá phải chăng giao hàng nhanh nhiệt tình/n', 'Hình ảnh đẹp/n', 'tốt/n', 'Tôi thấy sản phẩm tốt, giá cả hợp lý/n', 'Sài rất tốt/n', 'Rất ok/n']"
TCL Google TV 43P635,6.490.000₫,4.3,119,"['Hàng chất lượng giá cả phải chăng nhân viên Tư vấn và bán hàng/n', 'Dung Tốt lắm am thanh chất lượng/n', 'Xem tạm ổn, 4k nhưng hình ảnh không được sắc nét. Hệ điều hành của TV có độ trễ cao./n', 'Tivi đẹp. Ok/n', 'Tot tot/n', 'nhât ok/n', 'Tốt/n', 'Hài lòng trong tầm giá. Màn hình độ phân giải 4k, tuy nhiên so với 4k của sony với sam sung thì k bằng./n', 'Hàng dùng được hơn tuần hàng tốt/n', 'Hiện tại sử dụng thấy ổn/n', 'Rất ok/n', 'Mua 2 tuần có xuất hiện vết gì ở bên trong màn hình , mong dmx giải quyết/n', 'Rất oki/n', 'Rất tốt/n', 'Cũng ôn/n', 'Giá bán tại điện máy xanh là 6.690.000Giá trên web điện máy xanh 5.890.000Mua tại đmx thì thanh toán 5.950.000ĐMX không rõ ràng trong bán hàng và tư vấn cho khách hàng. Mọi người mua hàng phải cẩn thận để ý nhe./n', 'Tivi mình mua sáng thì 1 giá chiều thì 1 giá là sao ạ, thà qua ngày nó giảm k sao , này có vài tiếng đồng hồ lại giảm giá là ntn ./n', 'Xài ổn á/n', 'Mới mua thấy oke đó. Dùng 1 thời gian để đánh giá sau dị./n', 'Dùng tạm được, màu không đẹp cho lắm, 4k mà hình ảnh không sắt nét/n']"
TCL Google TV QLED 55Q646,9.990.000₫,4.2,32,"['Máy giặt tôi mới sử dụng 12 ngày máy bị cạ lòng giặt khi vắt máy rung lắc mạnh gây tiếng ồn rất khó chịu.mong bên hãng xử lý dùm./n', 'Máy giặt khi vắt phát ra tiếng kêu to , rung lắc mạnh . Ko hài lòng với sản phẩm này .Yêu cầu đổi máy mới cùng chủng loại ./n', 'Tốt/n', 'Lấy nước kêu rất ồn Giặt xong không tự tắt máy, cứ kêu tít tít, sau đó tự khởi động giặt lại đồ tiếp Tiếng rung mạnh và ồn Giặt xong khây đổ nc xã đầy nước lạnh, làm sau chế nc xã tiếp de giặt lần sau, fai dùng đồ hút ra Quá bất mãn với đien máy xanh/n', 'sản phẩm tốt/n', 'Máy lúc giặt thì êm nhưng Khi vắt thì rung nhiều và di chuyển khỏi vị trí mặc dù để 800 vòng. Giặt sạch không bị nhàu vải./n', 'Đã mua 16.1.2022 sau 2 tháng thì hỏng, máy rung ko êm, rất rất là thất vọng 1 SP ko hề rẻ mà chất lượng quá tệ. Nếu ai có ý định mua thì nên cân nhắc lại/n', 'Mọi chức năng đều tốt, duy chỉ có chức năng thêm đồ khi giặt là biểu tượng khoá không tắt để mở cửa an toàn nên vẫn chưa thực hiện được chức năng này/n', 'Máy giặt tốt/n', 'Giặt êm, hoạt động ổn định, dễ điều chỉnh/n']"
Sony Google TV KD-50X75K,12.890.000₫,4.3,111,"['Ok tốt/n', 'Rất tốt/n', 'Ok/n', 'Dùng hơn 1 năm rồi giờ mới viết đánh giá . Mọi thứ đều ổn đên hiện tại nhưng gia đình nào thay mới hoặc chưa mua thì nên chọn 60 cho phòng 20m, muốn hình ảnh mượt thì chọn tần số 120Hz nhưng chắc không được áp dụng với đài truyền hình Việt Nam/n', 'Nhân viên lắp đặt rất tệ không nhiệt tình/n', 'Hình ảnh nét,âm thanh to,rõ,nghe êm tai/n', 'quá chì bắp/n', 'Tốt/n', 'tốt/n', 'Tôi mua tivi này vừa tròn 2 tháng thì bị như này . Chán thật/n', 'Đến thời điểm hiện tại thì rất tốt.. chưa có vấn đề gì/n', 'TV tốt trình chiếu ok sắc nét/n', 'Sp tuyệt vời/n', 'Nhân viên rất nhiệt tình/n', 'Sản phẩm tốt nhưng shop giao thiếu đồ, chăm sóc khách hàng quá tệ./n', 'Sản phẩm rất ưng ý, đội ngũ ktv nhiệt tình,chứ đáo giao hàng nhanh/n', '👍/n', 'Oki, nhân viên rất chu đáo, nhiệt tình/n', 'Rất tốt/n', 'Tuyệt vời/n']"
Toshiba Google TV 43C350LP,7.990.000₫,4.6,205,"['Rất đáng mua Hiện thị tốt, chất lượng âm thanh tốt. Đã mua tại Điện Máy Xanh./n', 'đây là chiếc tivi đáng mua nhất hiện nay....ngon bổ rẻ ..mùa sắc cực đẹp ,,,am thanh có bass nên nghe hay hơn các tivi khác , remot rất nhạy và hệ điều hành rất thông minh , phản hồi các lệnh ngay tức thì ,,,,hàng của nhật sản xuát thái lan chuản 4k nên quá ok rồi,,,,nên mua nghe các bạn ,,,,lúc mua đang khuyến mãi các thứ nên giá quá tốt luôn ....cực ki hài lồng ,,,,/n', 'Chất lượng rất tệ. Vừa sử dụng đã sọc 1/2 màn hình/n', 'Mới dùng 1 tuần. Cảm thấy ok. Lâu dài còn tuỳ duyên./n', 'Những ai có ý định mua đồ bên Điện Máy Xanh thì hãy suy nghĩ lại trước khi đến đây mua Dịch vụ chăm sóc bảo hành sản phẩm QUÁ TỆ đùng đẩy trách nhiệm người mua thiệt vô cùng từ đây trở về sau tôi chạy xa chổ Điện Máy Xanh này ratôi sẽ tư vấn cho bạn bè người thân tôi cũng Xa Chổ Này Ra/n', 'Nhân viên tư vấn nhiệt tình kỹ thuật lắp đặt chu đáo có hướng dẫn đầy đủ cách sử dụng/n', 'lúc đầu dùng chưa quen thấy hơi khó dùng 1 tý sau dùng nhiều thấy cũng tiện lợi đơn giản/n', 'Hiển thị sắc nétnhanh.ok trong tầm giá/n', 'Sao màn hình mờ căm vậy/n', 'TV sdung rất tốt mượt siêu nét/n', 'TV toshiba google tốt mọi người nên mua/n', 'Tôi cảm thấy tivi sử dụng rất tốt/n', 'Theo đánh giá sau mấy tháng sử dụng thì màu sắc có vẻ hơi nhạt theo kiểu phong cách xưa thiết kế cũng đơn giản hơn các dòng khác âm thanh lớn to rõ. ok/n', 'xứng đáng đồng tiển bát gạo/n', 'Ủng hộ thương hiệu Toshiba/n', 'Đẹp hài lòng/n', 'Nhà vẫn dùng đồ của Toshiba tốt phết chưa thấy lỗi lầm gì/n', 'đẹp tốt/n', 'Loa lớn kết nối mạng nhanh/n', 'Lần đầu mua cái TV mà ưng như thế sắc nét/n']"
Sony Google TV KD-55X80L,16.890.000₫,4.5,16,"['Sao mình không đc 100k mua hàng nhỉ Mình cũng mua trả góp qua Home Credit mà/n', 'Rất tốt ạ..nhưng hôn nhân viên vào lắp không cài đặt kênh truyền hình VTV cho mình giờ mở xem không thấy ..mình mong cho nhân viên vào cài đặt lại cho m sớm nhất ạ/n', 'Ok/n', 'Tốt/n', 'Chưa yên tâm lắm/n', 'TV màu sắc đẹp/n', 'Sao ko vào google được vậy/n', 'Ok quá đẹp/n', '/n', '/n', '/n', '/n', '/n', '/n', '/n', '/n']"
TCL Google TV 65P635,9.990.000₫,4.2,43,"['Không đăng nhập được K+/n', 'Rất ok chỉ chưa biết chia sẻ ảnh từ đt lên tivi/n', 'Rất tốt/n', 'Mới mua nên chưa đánh giá có tốt hay ko đc phải có thời gian/n', 'Ok/n', 'TIVI DÙNG ỔN NHƯNG CÁC GÓI KHUYẾN MÃI K+ KHÔNG XEM ĐƯỢC TRẬN NÀO ĐÂU NHÉ, FPT , CLIP CÓ NHƯ KHÔNG XEM CÁC ĐÀI ĐỊA PHƯƠNG THÌ KHUYẾN MÃI LÀM GÌ/n', 'Xài tốt lắm/n', 'Sp ok/n', 'Tốt/n', 'Ok/n', 'Hài lòng với sản phẩm của shop/n', 'Sản phẩm đáp ứng tốt nhu cầu sử dụng/n', 'Ti vi màu sắc tâm đuợc/n', 'Tốt/n', 'Kích hoạt điện tử cho tivi của tôi chưa báo cho tôi biết/n', 'Rât ok/n', 'Ti vi dùng tốt/n', 'sản phẩm rất tệ mua chưa 5 tháng giờ tuột màng hình chờ 3 ngày mới sửa ko hài lòng/n', 'Bữa may mắn mua với giá shock 11.999.999k , mọi thứ ok, nhân viên 5 sao/n', 'Tốt/n']"
TCL Google TV QLED 43Q646,7.490.000₫,4.1,33,"['Rất ok/n', 'Dùng tốt/n', 'Tivi chất lượng âm thanh hình ảnh tốt/n', 'Mẫu này giờ thay màn mới bao nhiêu tiền ạ M để trên kệ k may làm đổ vỡ màn hình..../n', 'Màn hình khi nhìn nghiêng sẽ bị nhợt nhạt màu còn khi nhìn chính diện thì màn hình sáng và nét , còn gói cước xài chỉ được 1 tháng là không xem được vtv 3 nữa , đáng lẽ phải 1 năm chứ/n', 'mới mua chưa được 1 tháng lỗ hết 200k. vãi đạn thiệt/n', 'tivi giá vừa phải màu đẹp rõ nét/n', 'Hình ảnh đẹp, âm thanh rõ/n', 'Tivi màn hình đẹp, rõ nét, âm thanh hay/n', 'Nhân vien giao hàng là hotboy thân thiện/n', 'Sau 2 tuần trải nghiệm thì mình thấy Tivi màn hình đẹp âm thanh bật 1520 đã nghe rất to rõ ràng giá thì quá tốt để sở hữu xứng đáng 5 sao nhé/n', 'Chất lượng tivi xem tốt.,nhưng Hnay bóc tấm dán màn hình ra thì phát hiện có 1 con mát bên trong màn hình,không làm thế nào để xử lý đc đi ,cảm thấy cấn cấn hơi khó chịu. Không biết phải xử lý thế nào bây giờ./n', 'Giá rẻ mà xem khá được Tuy nhiên khi bật khởi động hơi chậm so với các hãng khác/n', 'Tặng K+ 12 tháng nhưng chỉ là gói mặc định chả đc tích sự gì/n', 'Giá dao động quá nhiều. Mới mua giá 9tr đc 1 tuần thì rớt còn 7tr. Cảm giác như dmx lừa dối khách hàng./n', 'TV chậm loa rè hãng không có trách nhiệm ./n', 'Tivi chất lượng giá rẻ/n', 'Giao hàng hơi chậm, điện máy xanh cần có đường dây gọi hay nhắn tin cho biết khách hàng khi nào nhận hàng Còn k thì cho nhân viên điện báo để khỏi ngồi nhà trông giao tivi vì nhà ở nông thôn, k ngay tuyến lộ nhựa Tivi k coi được NETFLIX dù thực hiện mọi cách vì nó k hỗ trợ Hướnh dẫn cài FPT play video của điện máy xạn và thực tế khác xa nhưng cũng làm được, quản lý bán hàng của hàng phản hồi nhanh chóng, nhiệt tình khi có thắc mắc/n', 'Màn hình đẹp.muot mà Google rất thông minh.bảo gì làm nấy.chi 8 triệu bao hành 2 năm giá này quá ok./n', 'Nhân viên tư vấn nhiệt tình, rất hài lòng/n']"
LG Smart TV 65UR7550PSC,15.390.000₫,4.2,11,"['Ok/n', 'Không hỗ trợ được tương phản màn hình cho IOS Airplay 2 như quảng cáo. Đã liên hệ và xử lý rất chậm./n', 'Hình ảnh đẹp âm thanh Al sound kết hợp loa giả lập xem phim tuyệt vời mua lúc khuyến mãi hơn 13 củ 1 tí rất ok/n', '/n', '/n', '/n', '/n', '/n', '/n', '/n', '/n']"
LG Smart TV 75UQ8000PSC,18.890.000₫,4.6,148,"['Hỗ trợ lắp tối theo ý mình 21h, lắp đặt độ cao theo ý mình khoảng 1m1. Sau khi lắp lên thấy cao quá so với chiều cao của ghế sofa, tuy nhiên mình không yêu cầu chỉnh sửa ngay do đã tối không muốn khoan tường thêm làm ồn.Rắc rối ở chỗ giờ kêu hạ xuống có trả phí thì bên này đùn đẩy bên kia dù ngay từ đầu nói chấp nhận có phí di dời và rất vui lòng trả khoản đó và không hề có 1 lời phàn nàn. Đến hiện tại đã có 4 người gọi ở các phòng khác nhau, kèm chục cuộc gọi nhỡ, chỉ để nói cái này không phải bảo hành, sẽ tính phí các thể loại... nhưng rốt cuộc không ai xuống xử lý. Trả tiền xong rồi mà dịch vụ sau bán hàng tệ như vậy thì nên cân nhắc trước khi mua./n', 'Sản phẩm tốt, sắc nét, hình ảnh đẹp/n', 'sản phẩm tốt, hài lòng, 5 sao/n', 'hài lòng về sản phẩm/n', 'sản phẩm tốt, màn hình sắc nét, đẹp/n', 'bình thường/n', 'Tivi xem tốt, hình ảnh rõ nét, chân thực/n', 'màn hình cũng được sắc nét, đẹp, sản phẩm tốt/n', 'Tivi dùng tốt, hình ảnh tivi tạm được, tốt hơn sumsung/n', 'sản phẩm tốt, màn hình đẹp, sắc nét/n', 'Tivi dùng tốt, màu sắc và hình ảnh ổn/n', 'hình ảnh âm thanh tốt, nv tốt, sản phẩm tốt/n', 'sản phẩm tốt, dùng màn hình sắc nét, đẹp/n', 'sản phẩm tốt, màn hình sắc nét/n', 'cũng được/n', 'Tivi dùng tốt, màu sắc đẹp, hình ảnh rõ nét/n', 'Tivi dùng tốt, hình ảnh và màu sắc ok/n', 'sản phẩm tốt, màn hình sắc nét, đẹp/n', 'Tốt, chất lượng/n', 'Sản phẩm tốt , hài lòng, mua 3 sản phẩm của LG rồi/n']"
LG Smart TV NanoCell 50NANO76SQA,13.890.000₫,4.4,66,"['Ti vi rất là tốt/n', 'Màu sắc đẹp/n', 'Tốt ạ/n', 'Màu rõ nét âm loa tốt/n', 'Sp tốt so với giá/n', 'Chất lượng hình ảnh rõ nét , màu sắc ổn định âm thanh ấm máy không nóng/n', 'DMX cho tôi hỏi, màn hình vầy thì có vấn đề hay là bình thường nó là vậy.xin cảm ơn./n', 'Đẹp, chất lượng tốt/n', 'Ok/n', 'Mình thấy ngồi cách TV 2m thì thấy nét khởi động nhanh dễ dùng có nhiều chế độ hình ảnh và âm thanh thích hợp cho nhiều mục đích/n', 'Hình ảnh màu sắc tivi rõ và đẹp các ứng dụng dễ sài rất hài lòng về sp này/n', 'Hình ảnh đẹp. Còn độ bền xài thời gian trả lời/n', 'Khâu nhận diện giọng nói chưa đc ổn cho lắm Còn mọi thứ ôk/n', 'Chức năng tốt/n', 'Sản phẩm được đánh giá tốt/n', 'Loa chưa đc hay lắm. Điều khiển như chuột máy tính khá hay Nhận diện bằng giọng nói chưa chuẩn lắm/n', 'Hệ điều hành webos chạy hoi chậm./n', 'Hiện tại chưa có vấn đề gì vì mơi sử dụng/n', 'Tốt/n', 'Sản phẩm bình thường/n']"
Sony Google TV KD-65X80L,19.890.000₫,4.4,16,"['Thanks/n', 'Sản phẩm tốt./n', 'Hiên tai vân binh thương nhe/n', 'Hình ảnh đôi khi không được sắc nét lắm.khổng biết lý do tại mạng wf ở nhà hay đường truyền mạng không ổn định nữa.nói chung sony vẫn tốt/n', 'Nói chung rất ok/n', 'Mới mua mình thấy ổn/n', 'Nhân viên tư vấn rất dễ thương và nhiệt tình. Sẽ tiếp tục ủng hộ ĐMX/n', 'Hài lòng/n', '/n', '/n', '/n', '/n', '/n', '/n', '/n', '/n']"
Sony Google TV KD-75X80K,28.900.000₫,4.4,42,"['Hình ảnh ko đc rõ nét, hay bị lỗi kết nối vs mạng wifi. Nhận biết bằng giọng nói còn hạn chế./n', 'Rất ok/n', 'Tot/n', 'Ok/n', 'Tốt mọi thứ ổn định/n', 'Tivi dùng tốt, đẹp/n', '👍/n', 'Nhà nhỏ ko nên mua/n', 'Tivi sử dụng tốt đáng mua/n', 'Mang hình đẹp/n', 'Rất tốt, màn ảnh lớn xem rất thích, lại mua được giá khuyến mãi/n', 'Tốt/n', 'xem rât nét/n', 'Ok/n', 'Sản phẩm tốt. Phục vụ nhiệt tình/n', '0k/n', 'sp ok/n', 'Sản phẩm dùng tốt, chỉ có phần mềm nhận giọng nói nhạy quá nên hay bị nhảy sang chương trình khác./n', 'Sản phẩm dùng tốt, tất cả đều oke/n', 'Sản phẩm dùng cũng tốt nhưng tôi chưa kết nối bluetooth được/n']"
LG Smart TV 75UR7550PSC,20.890.000₫,4.7,3,"['Tốt/n', 'Chạy ứng dụng nhanh,hình ảnh đẹp,tuy không đẹp bằng sam sung,nhưng mình vẫn chọn LG vì sam sung hay bị lỗi màn hình/n', '/n']"
Sony Google TV KD-65X85L,24.890.000₫,4.7,3,"['san pham ok nhan vien ban hàng tu van nhiệt tình/n', 'Ok/n', '/n']"
TCL Google TV 43P737,7.020.000₫,4.2,69,"['Đừng 4 năm rồi vẫn ổn, va đập hơn 20 lần nhưng mặt kính vẫn không bể. Có điều dung lượng + RAM gọi là ít quá nên luôn bị đầy./n', 'Sau khi sử dụng hết bảo hành hơn một năm thì bị loạn cảm ứng. Tôi bị 2 cái luôn 1 cái j4 plus hết bảo lành bị loạn cảm ứng. 1 cái A10s bị loạn cảm ứng hên còn bảo hành thì đã được bảo hành./n']"
LG Smart TV OLED 55C3PSA,32.890.000₫,4.5,4,"['Ok. Ổn. Tốt/n', 'Hình ảnh rất ổn, chất lượng âm thanh chưa thực sự xuất sắc, loa chỉ 2.1/n', 'Màn hình sắc nét, nổi khối, màu đen sâu, sặc sỡ, âm thanh hay, rất tuyệt vời./n', '/n']"
Sharp Android TV 2T-C32EG2X,4.490.000₫,4.1,57,"['Tốt/n', 'Rất tốt nha Mở yotube rất mượt nhanh./n', 'Ổn trong tầm giá,/n', 'Tốt nhất/n', 'Mình mới mua, cho mình hỏi có cách nào xuất âm thanh song song vừa loa tv, vừa ra 3.5 được không, hoặc tùy chọn trên tivi cũng được, mình gắn cổng 3.5 mặc định loa tivi mất tiếng, và không chỉnh được trong cài đặt./n', 'hàng xài ok lắm ak/n', 'Good/n', 'Tốt nhất/n', 'Nghĩ sao lỗi kết nối wifi hoài mặc dù ko ai sử dụng wifi cả. Wifi rất mạnh nữa, chán/n', 'Mua được tháng 8 ngày hư wifi không có tín hiệu gọi bảo hành cả tháng nay nó không vô xửa tệ vô cùng lên né cái hãng sharp này ra nhân viên kỹ thuật bên sharp rất tivi hư nó không xửa nó đổi thừa mạng yếu mà nhà tôi Sài camera với thứ khác có bị gì đâu bên nhà mạng xuống kiểm tra bình thường/n', 'Tốt/n', 'Ok/n', 'Ok dùng ổn áp/n', 'Tốt/n', 'Tốt/n', 'Màn hình chưa rõ nét Âm thanh chưa chuẩn Rất mong nhân viên kỹ thuật đến hỗ trợ/n', 'Tốt trong tầm giá/n', 'Nhân viên nhiệt tình, lịch sự, giá tốt/n', 'Sài bình thường/n', 'Ok âm thanh vừa đủ nghe/n']"
TCL Google TV 65P737,11.490.000₫,4.5,16,"['Rất ok/n', 'Rất tốt/n', 'Tôi đã mua và sử dụng TV này khoảng 3 tháng, tôi khá hài lòng về sp, hình ảnh rất đẹp, nhất là khi xem Netfix với chuẩn hình ảnh Dolby Vision, khi để màn hình chờ màu đen thì khg thể bằng dòng TV Oled, nhưng mà hình khg bị sáng ở 4 góc, đó là điểm cộng của TV này, chúng ta khg thể đòi hỏi chất lượng hình ảnh như TV Oled, với giá này thì TV đáng để mua, nó đáp ứng mọi y/cầu của tôi. Tôi cũng rất thích kết nối bluestooth của TV, cho phép tôi kết nối với loa bluestooth, bàn phím rất nhanh và dễ dàng hát karaoke, phần điều khiển thông minh Google Assistant cũng khá tốt, nhận lệnh bằng giọng nói tiếng Việt khá ổn. Điểm trừ là khi bật TV, kết nối với Netflix, youtube hoặc các ứng dụng dùng kết nối internet hơi chậm, trên điều khiển khg có nút bấm nhanh để chuyển sang xem các kênh TV cable (TV Sony có nút này). Tôi đã sd 2 cái TV Oled LG, nay tôi phải đổi sang TV này vì cả 2 cái Oled quá nhạy cảm, cả 2 cái bị hỏng vì sét đánh (trong khi các TV khác trong nhà khg bị hỏng). Tổng quan, tôi chấm TV đạt 4.7/5.0, rất đáng để mua, tôi đã giới thiệu cho người. Hà mua 1 cái cùng dòng này nhưng 55 inch thay vì 65 inch như của tôi/n', 'Mọi thứ điều ổn, riêng lúc bật khởi động hơi bị lâu/n', 'Ok/n', 'Ổn áp trong tầm giá/n', 'Quá hài lòng, mình mua ngay đợt giảm còn 13tr490 còn đ tặng phiếu mua hàng 500k. Nhân viên lắp đặt và thu dọn tận tình. Nên mua nha mọi nha mọi người/n', 'Màn hình đẹp sống động âm thanh tốt/n', 'Sản phẩm mới . Có nhiều tính năng iu Việt . Hình ảnh rỉ nét và chân thật , giá cả hợp lý . Nên mua hãng này nha mọi người. Mình dùng thấy mọi thứ rất Ok/n', 'Sản phẩm tương ứng với giâ tiền . Nhược điểm mỗi khi bật tv khởi động rất lâu độ chễ của bộ sử lý thấp . Còn tất cả oke/n', '/n', '/n', '/n', '/n', '/n', '/n']"
Sony Google TV XR-55X90L,26.890.000₫,4.8,4,"['sản phẩm tốt rất ưng ý/n', 'Đang dùng cảm thấy rất tốt/n', '/n', '/n']"
LG Smart TV 50QNED80SRA,15.390.000₫,4.6,9,"['Sp tuyệt vời sắc nét/n', 'Mua nhanh, hàng tốt, đã giới thiệu cho nhiều người biết./n', 'Tv mới mua dùng rất tốt, hình ảnh sắc nét, mượt đúng như quảng cáo, độ bền thì phải dùng một thời gian mới biết được. Nói chung là ok/n', 'Hài lòng/n', '/n', '/n', '/n', '/n', '/n']"
Sony Google TV KD-75X77L,27.900.000₫,4.3,3,"['Rất tốt/n', 'Tôi thấy an tâm/n', 'sản phẩm ok/n']"
Toshiba Google TV 65C350LP,13.990.000₫,4.9,70,"['Rất tốtttttttt/n', 'rất tốt, hình ảnh siêu nét chất lượng cao, mịn màng/n', 'Âm thanh cực kì to rõ thiết kế đẹp màu sắc hài hòa/n', 'Hình ảnh đẹp xem thể thao chất lượng hẳn ra/n', 'Màn hình to rõ loa siêu bự bật 1 tý phát nguyên cả căn phòng nghe/n', 'Giá cả phải chăng hàng Nhật Bản có khác dùng mượt mà chưa thấy trục trặc gì/n', 'Màn hình to đẹp rất đáng tiền/n', 'Đẹp/n', 'TV đẹp to cái chống chói mắt thấy quảng cáo khá tiện xem phim lâu đỡ mỏi mắt hơn hẳn thanks/n', 'Tư vấn viên nhiệt tình bác bảo vệ dắt xe vui vẻ/n', 'TV trình chiếu rất ok/n', 'Sắm vài cái để phòng khách thì còn gì bằng/n', 'Màn ảnh to nét/n', 'Dùng tốt như mong đợi ok/n', 'Dùng để làm màn hình chiếu thông báo khá tốt/n', 'Loa to màn hình rộng khá ổn/n', '11tr cho một siêu phẩm, đẹp, chất/n', 'Mua về cho nóc nhà xem phim, hihi/n', 'Dùng rất ok/n', 'Ui, kiếm mãi mới có cửa hàng bán dòng 65 của Toshiba, gì mà hiếm hàng vậy @@/n']"
TCL Google TV 50P737,8.290.000₫,4.2,44,"['Nói chung chất lượng tương xứng với giá tiền ./n', 'Dùng ok, giá rẻ/n', 'Đã dùng một thời gian, ti vi tốt, đáng mua./n', 'Nói chung là rất ok.con xài có bền không thì để thời Gian trả lời kkk/n', 'Đang rất ổn áp/n', 'Tốt/n', 'Tạm thời xài chưa có vấn đề gì. Vẫn ok/n', 'Ok/n', 'Hài lòng về sản phẩm/n', './n', 'Nhân viên rất tận tình/n', 'Nhận được hàng cũng nhanh, hàng đúng như mô tả. Vấn đề quan trọng nhất là nếu sản phẩm có lỗi thì shop sẽ bảo hành có tốt không thôi./n', 'Màu xấu nhưng loa to.vào mạng chậm/n', 'tốt/n', 'Tivi dùng ổn .nhưng mong là lâu hỏng .chứ đợt trước mình mua con L55a8 của TCL hết bảo hành là hỏng ./n', 'Quá ok/n', 'Mới Sài 2 tháng thấy cũng OK nhé/n', 'Ti vi rất tệ, mua được 10 ngày thì hỏng nguồn/n', 'Dùng được hơn 1 tháng chất lượng tốt trong tầm giá. Nhưng không biết cửa hàng đã kích hoạt bảo hành cho TV chưa./n', 'Ok/n']"
LG Smart TV NanoCell 86NANO76SQA,35.890.000₫,4.3,3,"['Ổn/n', 'ok/n', 'Tivi tốt, màu sắc đẹp/n']"
TCL Google TV 58P635,9.640.000₫,4.1,62,"['Tivi mua 17/11/2023 sài tới 11/3/2024 Màn hình đen thui . Tiếng vẫn còn báo bảo hành vì tivi bảo hành 2 năm . Kỹ thuật xuống báo tivi mình có dấu hiệu bị chất lỏng nhưng bên mình nhìn thì ko thấy gì . thợ nói người trong nghề nhìn mới biết báo thay màn hình 9tr . trong khi mình mua tivi có 7tr9 . thế là đi về côi như xù . ko bảo hành cho mình luôn . mình mua trên dưới 30 Món của TGĐ + ĐMX r Mà lần đầu mới cần nhờ đến bảo hành mới biết được luôn . ai cũng đùng đẩy trách nhiệm . ĐMX đổ cho hãng . Hãng thì ko liên hệ . im ru . bỏ 8tr ra trải nghiệm cái cách bảo hành và bảo vệ khách hàng kiểu này Không bao giờ 1 lần nào mua đồ của Cái Hệ Thống này luôn . quá sợ ./n', 'Ti vi xài rất tốt hình ảnh trung thực đat 4,5 sao/n', 'Sử dụng 8 tháng đã qua rất OK sản phẩm tốt. thời gian dài về sau lâu nữa mong sản phẩm tốt hơn mong đợi, sẽ khách hàng sẽ tin tưởng nhiều hơn/n', 'Giá rẻ dùng yên tâm hơn samsung/n', 'Tìm kiếm bằng giọng nói không sử dụng được nữa không biết làm sao/n', 'Tốt/n', 'Tâm ổn.buoc đầu/n', 'Cho hỏi cách tắt giọng nói chị google/n', 'chất lượng hình ảnh tốt/n', 'Mua hàng cũ thấy bảo hành hãng còn 22,5 tháng tin tưởng nên không kiểm tra nhiều nay để ý kỹ thì thấy bụi trong màn hình. Gọi hãng thì kêu mang về kiểm tra bụi vào màn hình từ người dùng hoặc bên dmx sẽ không bảo hành .trải nghiệm mua cũ khá tệ .mọi người mua cũ nên kiểm tra kỹ .bảo hành hãng cũng không tốt/n', 'Xài gần 2 tháng vẫn ổn./n', 'Sản phẩm rất tốt, âm thanh hình ảnh ok/n', 'Tivi mầu sắc nét , trình duyệt nhanh, hợp lý với nhu cầu/n', 'Tv dùng ok. Chất lượng Vừa so với giá/n', 'Sản phẩm sử dụng rất hài lòng nhân viên tư vấn nhân viên lắp đặt hệ thống tivi tại nhà rất chu đáo/n', 'Tivi Sài ok/n', 'Tốt/n', 'Quá rẻ luôn các bạn. Nhờ mua đang giảm giá/n', 'OK/n', 'Ti vi dùng ổn tốt phải đợi thời gian sử dụng thêm ạ/n']"
Sony Google TV KD-55X85L,18.890.000₫,4,4,"['Bộ phận chăm sóc KH rất tệ/n', 'tí vì nhà mình đang dùng rất tốt/n', 'Rất tốt/n', '/n']"
LG Smart TV OLED 55G2PSA,44.890.000₫,4.7,6,"['Rất hài lòng/n', 'Một tuyệt phẩm nên dùng. Nhưng đó chỉ mới những ngày đầu thôi nhé. Cảm ơn ./n', '/n', '/n', '/n', '/n']"
Toshiba Google TV 75C350LP,18.990.000₫,4.7,13,"['Cho giá tiền hợp lý/n', 'Rất hài lòng/n', 'ti vi nét căng chuẩn HD+4K, âm thanh nghe hay/n', 'rất mạnh và dai/n', 'Mua về tận dụng xem đá bóng rất thích màn ảnh to màu sắc đẹp/n', 'To đẹp giá cả phải chăng ok/n', 'Giá rẻ, để showroom chạy quảng cáo rất đẹp/n', 'Tivi dùng tốt, màn hình rộng, rất thích, vào mạng nhanh,/n', 'màn hình to xem rõ nét âm thanh nghe nhạc siêu đỉnh luôn mng nên trải nghiệm nha/n', 'Màu nhợt nhạt, ám xanh/n', 'TV màn lớn, âm thanh to, xem bao đã nha bà con./n', 'Xài rất mạnh tôi rất thích/n', '/n']"
Toshiba Google TV QLED 55M550LP,11.990.000₫,4.9,15,"['Về tầm giá thì con này quá ok rồi .,./n', 'Tivi rất xịn sò nha có micro ở thân tivi nói rãnh tay không cần remote nha/n', 'Tivi có tích hợp nhiều rính năng tiện lợi hình ảnh sắc nét/n', 'Tivi chất lượng rất tốt, toshiba là dòng tivi bán chạy nhất ở Nhật năm 2022. Màu sắc tương đương dòng Led cao cấp của Sony, âm thanh tốt, có Google tivi./n', 'TV đẹp màn hình rõ nét âm thanh nghe rất giống dàn âm ly siêu xịn của ck/n', 'Tv Qled màn hình led full array sắc nét Âm thanh Dolby Atmos như phim chiếu rạp giá quá tốt cho thương hiệu nhật/n', 'Tivi tốt trong tầm giá, công nghệ Led Full array cho chất lượng hình ảnh, độ tương phản cao. Loa 49w cho ra âm thanh trầm ấm, to rõ ràng./n', 'Dùng rất tốt, màu sắc đẹp, loa cực khủng, để dùng 1 thời gian sẽ đánh giá sau, cho 5 sao/n', 'Mới trải nghiệm thấy tốt còn chất lượng phải sử dụng thời gian mới biết/n', 'Tôi rất hài lòng với sản phẩm tv Toshiba 4k 55 inch 55M550LP đã mua tại Điện máy xanh/n', 'Sản phẩm dùng rất tốt ưng ý/n', 'Rất vừa ý khi mua được/n', '/n', '/n', '/n']"
TCL Google TV 75P737,14.340.000₫,4.5,4,"['Rất tốt độ nét rất trân thực/n', 'TV dùng tốt nhé/n', 'Ok/n', '/n']"
TCL Google TV 55P737,10.340.000₫,4.3,72,"['Tivi tốt/n', 'Sao tivi mình mở không lên nguồn thì sử lý làm sao ạ/n', 'Ổn áp lắm nhen mn ơi/n', 'không biết đây là seal màng hình hay là gì. nếu seal thì sao lại dính như vậy/n', 'Giao hàng tivi bị trầy 1 đường nhưng khi nhân viên giao hàng về rồi mình mới xem lại thấy trầy. Và ảnh mình chụp lúc anh nhân viên tới đã có vết trầy nên không phải do mình. Nhắn lên đmx thì bắt anh giao hàng chịu trách nhiệm bồi thường cho mình chứ đmx không chịu trách nhiệm. Vì anh giao hàng nói là cũng không biết do bản thân làm trầy hay có sẵn. Mình thấy tội nên thôi không bắt đền và phải chịu cảnh bỏ ra gần 10 triệu để xài cái tivi bị trầy dù mới mua Biết là một vết trầy nhỏ không ảnh hưởng chất lượng tivi nhưng nó mất thẩm mỹ và chẳng ai muốn mua đồ mới mà bị như vậy cả./n', 'Hay bị đơ/n', 'Ẩm thanh tốt nhưng điều khiển bị đơ/n', 'Tot/n', 'tuyệt vời/n', 'Được/n', 'Tivi khá ổn. Phù hợp trong tầm giá/n', 'Sản phẩm tốt Nhân viên nhiệt tình/n', 'Tốt/n', 'GOOGLE TIVI TCL 55P737 NGOẠI HÌNH ĐẸP, CẤU HÌNH MẠNH NHỜ CHIP ANDROI 11 NÊN RẤT MƯỢT MÀ KHI TRUY CẬP VÀO CÁC ỨNG DỤNG CỦA TIVI.CHẾ ĐỘ BẢO HÀNH LÂU DÀI. VỀ BÊN NHÀ BÁN HÀNG Điện Máy XANH THÌ TUYỆT VỜI : TỪ KHÂU BÁN HÀNG, GIAO HÀNG, LẮP ĐẶT, VÀ HƯỚNG DẪN SỬ DỤNG, TẤT CẢ ĐỀU TUYỆT VỜI NHANH,TẬN TÂM, CHU ĐÁO, NHIỆT TÌNH. MÌNH RẤT THÍCH MUA HÀNG TẠI ĐMX .HẸN GẶP LẠI LẦN SAU/n', 'Hàng sử dụng rất ok/n', 'Hình ảnh rõ nét , âm thanh tốt/n', 'ĐMX bắc Giang nhân viên nhiệt tình. Nhân viên lắp đặt rất nhiệt tình/n', 'Hình ảnh chuẩn, màu sắc rực rỡ, âm thanh rõ./n', 'Tivi đang dùng tốt/n', 'Sản phẩm tốt. Giá vừa phải./n']"
LG Smart TV OLED 48A2PSA,22.890.000₫,4.6,24,"['Giá cao quá/n', 'Tv rất nét, rất tốt. Cám ơn Điện Máy Xanh./n', 'sản phẩm tốt, 5 sao/n', 'sản phẩm tốt, chưa có vấn đề gì/n', 'Tốt 10 điểm/n', 'Nhân viên phục vụ dễ thương/n', 'Ok/n', 'Tivi tốt đẹp quá ok/n', 'ok/n', 'TV mỏng, khung viền kim loại chắc chắn. Màn hình quá đẹp/n', 'Đang đung ổn định/n', 'Sản phẩm tốt/n', 'Tốt, sắc nét/n', 'Màu sắc chân thật, âm thanh nghe cũng tuyệt/n', 'ok/n', 'Sản phẩm rất tốt từ âm thanh cho đến hình ảnh/n', 'Hình ảnh oled rất rỏ nét, âm thanh chuẩn/n', 'TV ok/n', '/n', '/n']"
LG Smart TV OLED 42C2PSA,24.890.000₫,4.6,14,"['Chất lượng nghe/nhìn 10 điểm,màn đẹp hơn màn Mac 5k. Loa to nhưng không hay như màn apple. Đặc biệt 120hz trên 4k rất tuyệt để chơi game,giải trí. Điểm trừ thiếu wifi 6,nếu tích hợp luôn cam/mic như một số smart tv kiêm màn hình pc samsung/apple thì tuyệt. Màn hơi to giá mà có phiên bản 3x in,/n', 'san phẩm tốt, hài lòng, chưa có lỗi gì xảy ra/n', 'sản phẩm tốt, ổn định, tuyetj vời/n', 'tốt, ổn định, xài êm/n', 'tốt, sử dụng chưa thấy lỗi gì là ok rồi/n', 'sản phẩm tốt, rất hài lòng, 4 sao/n', 'sản phẩm tốt, hài lòng/n', 'sản phẩm rất tốt/n', 'Ok/n', 'Very good tivi. Good technical guy installed the tv quickly/n', 'Tuyệt vời đó là những gì mình muốn chia sè ./n', 'Hi/n', '/n', '/n']"
Toshiba Google TV 55C350LP,10.990.000₫,4.7,99,"['Hình ảnh đẹp. Âm thanh to. Thích hợp trong tầm giá. Còn độ bền thì thời gian sau mớ biết./n', 'Tivi ổn, trình duyệt web có vẻ hơi lag. Xem phim trên web tầm 1h có hiện tượng đơ luôn tivi. Kh tắt được phải rút chui cắm luôn mới tắt mở lại được. Mong được phản hồi ạ./n', 'Hàng chất lượng cao, giá tốt với tấm nền IPS cho chất lượng hình ảnh chân thật không quá nịnh mắt như màn QLed của Samsung. Còn độ bền chưa biết./n', 'Hiện tại khá ok vs tầm giá. Chờ xem độ bền/n', 'Chất lượng Sản phẩm dùng rất hài lòng cả hình ảnh, âm thanh/n', 'Anh chị nên cân nhắc mua sản phẩm của tosia này. Chính sách đổi trả đmx quá tốt nhưng hàng tosia giờ quá tệ. Đổi cái mới vẫn bị lỗi y chang vậy/n', 'Sản phẩm ok , rất đáng đồng tiền./n', 'Oki/n', 'Rất tốt/n', 'Âm thanh to, hình ảnh tốt. Chờ thêm thời gian để kiểm chứng độ bền/n', 'Thiết kế khá đẹp so với phiên bản tiền nhiệm ổn/n', 'Nhìn thực tế thấy đẹp với sang hơn trên mạng/n', 'Tivi kết nối nhanh. Màu đẹp . Âm thanh to rõ/n', 'Tạm/n', 'Tv sản xuất tại Thailal hình thức đẹp chất lượng hình tiếng chuẩn chỉnh. Nhân viên giao hàng nhanh thân thiện/n', 'Ok/n', 'Chính sách bảo hành quá kém đùng đẩy hãng vs chổ bán. Màng hình báo giá trên trời mua tv 9tr6 báo giá màng hình 11 triệu./n', 'Màu sắc đẹp mọi người lưu ý để chế độ hiển thị sang tự nhiên sẽ đẹp hơn để sống động với tiêu chuẩn nha/n', 'Đẹp mọi góc nhìn giá cả phải chăng tư vấn nhiệt tình/n', 'Mua về làm TV trình chiếu rất tiện/n']"
Sony Google TV XR-55X90K,21.590.000₫,4.5,27,"['Mới dùng nên thấy ổn thiết kế màn đẹp wf bắt mạnh âm thanh hay mình chọn sony mặc dù ss và Lg cũng tất tốt/n', 'Xài OK/n', 'Hình ảnh âm thanh chất lượng như ý/n', 'Sản phẩm ok/n', 'Khá ổn, ngoại hình hơi mập, mỏng mạnh chút nữa đẹp hơn./n', 'Tôi mới mua tivi này t9/2022. Lỗi kết nối Bluetooth. ĐMX có cho người qua ktra. ĐMX Chuyển qua hãng Sony giải quyết và hãng trả lời Do tivi ko kết nối được những thiết bị khác hoặc a liên hệ với ĐMX (Anh cắm giắc 3.5 hoặc HDMI). Vậy cái Bluetooth của tivi để làm gì ?/n', 'hiện tại hình ảnh đẹp màu sắc nét tôi hài lòng/n', 'Sản phẩm dùng tốt nhưng vào mạng hơi yếu/n', 'Chưa trải nghiệm được nhiều nhưng hiện tại cảm nhận sản phẩm dùng tốt/n', 'Mọi thứ đều ổn, sản phẩm tốt, vào mạng ổn định/n', 'Sản phẩm dùng tốt, mua chủ yếu cho mấy cháu xem rất ok/n', 'Sản phẩm dùng tốt, không có vấn đề gì/n', 'Sản phẩm rất tốt/n', 'Sản phẩm dùng ổn/n', 'Sản phẩm dùng tốt/n', 'Sản phẩm dùng ổn, chưa trải nghiệm nhiều nhưng tin dùng Sony/n', 'Sản phẩm dùng tốt/n', 'Màu sắc, hình ảnh rất rõ nét. Âm thanh tốt và tivi rất mượt/n', 'Âm thanh tốt, màn hình đẹp, vào mạng nhanh/n', 'Hiện tại rất ít dùng nên cảm nhận sản phẩm dùng ổn/n']"
LG Smart TV 55QNED86SQA,24.890.000₫,4.5,8,"['Hy vọng tốt/n', 'Sp tốt/n', 'TV hình ảnh đẹp,tuy nhiên tốc độ phản hồi của WebOS rất thấp, hơi thất vọng khoản này, setting của máy khi vào mục điều chỉnh nào cũng delay mất mấy giây/n', 'Ổn/n', 'Tốt/n', 'Tv lg qnet 86sqa : Màu sắc, hình ảnh đẹp rõ, vào mạng nhanh./n', '/n', '/n']"
Toshiba Google TV QLED 50M550LP,10.490.000₫,2.8,5,"['Dịch vụ của ĐMX quá tệ. TV bị sọc màn hình, Bảo hành bên Toshiba TV đã báo đổi TV rồi mà chờ 2 tuần ĐMX vẫn chưa đem TV tới đổi. Mỗi lần gọi lên tổng đài là nhân viên lại kiểm tra từ đầu, xong cũng không gọi lại báo lịa khi nào đổi. Làm khách hàng phải chờ đợi, gọi tổng đài nhiều lần tốn thời gian, tiền bạc. Trong khi khách có việc cần giải quyết mà không đi được, phải ngồi ở nhà chờ ĐMX dài cổ./n', 'Ok/n', 'Mình mua hàng nhưng do có việc nên chưa dùng đến hôm nay khưi thùng ra thấy giao chỉ có 1 chân đế trong khi tivi 2 chân đế. Lúc giao hàng thấy có 1 chân đế cứ nghĩ tivi có 1 chân đế giữa. Ko có chân đế giờ ko biết để tivi kiểu gì. Thấy vọng việc giao hàng. Mong dc hỗ trợ./n', 'Tivi rất tốt công nghệ hình ảnh nhiều loa hsy. Hôm rồi mua đc giá rẻ 82 triệu. Rất hài lòng. Cảm ơn ĐMX/n', 'Tv vừa mở trong thùng ra đã bị tối 4 gốc viền/n']"
TCL Google TV 65C755,22.990.000₫,No rating available,146,[]
Hisense Google TV 65U6K,15.640.000₫,No rating available,8,[]
LG Smart TV 65QNED80TSA Mới 2024,28.890.000₫,No rating available,8,[]
TCL Google TV QLED 43Q636,11.490.000₫,4.4,83,"['Tốt/n', 'Bị hỏng màn ngày thứ 30/n', 'Cảm ứng rất chậm/n', 'Không có chuột bay/n', 'Màn hình sắc nét, âm thanh tốt, nhưng không sáng lắm, còn đỗ bền chưa biết. 8/10 điểm./n', 'hình ảnh sống động âm thanh tốt độ sắc nét chuẩn/n', 'tivi có giá kinh tế nhưng màu sắc đẹp, chạy mượt, độ bền thì cần thêm thời gian để đánh giá, hệ điều hành google nên khi dùng xong mình hay rút điện tivi ra vì nếu cắm luôn thì lần sau mở lên tivi khởi động loading khá lâu./n', 'Ti vi dùng tốt, nhân viên của hãng nhiệt tình và có trách nhiệm/n', 'Tốt/n', 'Tốt/n', 'Ok/n', 'Vận chuyển nhanh, chất lượng tốt, lắp ráp thân thiện/n', 'tivi thiết kế đẹp hình ảnh đẹp viền siêu mỏng lưng cũng mỏng cùng nhiều tính năng thông minh giá lại rẻ/n', 'Tivi có 2 điểm chết pixel, theo chính sách có được đổi ko b nhỉ/n', 'Màu sắc đẹp/n', 'Ok/n', 'Tivi sử dụng rất tốt. A kĩ thuật giao hàng nhiệt tình cho dmx 5*/n', 'Chất lượng trong tầm giá/n', 'Hài lòng ,sản phẩm ok/n', 'Sản phẩm rất ok ./n']"
iFFALCON Google TV 65U62,13.490.000₫,3.9,14,"['Tivi mua chưa đầy 2 tháng hỏng mànHãng k bảo hànhĐiện máy xanh kêu là trung gian không biếtQuá tệ cho 1 hệ thống lớn/n', 'Ti vi sài tốt màn màu k được đều cho lắm đen trắng lỗ trỗ so với giá thành thì gọi là chấp nhận được Nhân viên tiếp đón nhiệt tình/n', 'Tốt/n', 'ok/n', 'Tốt trong tầm giá/n', 'Sản phẩm rất ok so với giá thành như vậy thì quá rẻ cho 1 chiếc tivi mành hình to như vậy,hình ảnh và cấu hình rất dẹp và nhanh,rất hài lòng nhưng độ bền thì phải chờ thời gian sẽ trả lời/n', 'Ok ti vi xem rất tốt/n', 'Màu hơi ám vàng nhưng cơ bản là ổn. Độ sáng tốt, màu sắc hơn cả con Ss 65Au8000 mua năm 2021 tận 23tr. Tóm lại thấy rất ổn so với giá. Ko quan tâm thương hiệu thì có thể xem xét/n', 'Tivi xem tốt so với mức giá!/n', 'sử dụng tốt/n', '/n', '/n', '/n', '/n']"
